Screen Resolution	OS	Traffic Source	Combination Id	Converted	User Language	Country
Extra Small	Android	unknown	2	No	en-gb	Canada
Extra Large	Mac OS X	search_traffic	1	No	en-us	Canada
Extra Small	iOS	unknown	1	No	el-gr	Greece
Extra Large	Windows New	search_traffic	2	No	en-us	United Kingdom
Extra Small	Android	direct_traffic	1	No	en-us	United States
Extra Large	Windows New	search_traffic	2	No	en-us	United States
Extra Small	Android	search_traffic	1	No	en-gb	United Kingdom
Extra Large	Windows New	search_traffic	1	No	en-us	Kuwait
Extra Large	Mac OS X	search_traffic	1	No	en-us	Canada
Extra Small	Android	direct_traffic	2	No	en-gb	India
Extra Small	iOS	search_traffic	1	No	en-us	Turkey
Extra Small	Android	unknown	2	No	sv	Sweden
Extra Large	Windows New	search_traffic	1	No	en-us	India
Extra Large	Windows New	unknown	2	No	en-us	India
Medium	iOS	search_traffic	2	No	en-au	Australia
Extra Small	iOS	search_traffic	1	No	en-us	United States
Extra Small	iOS	search_traffic	1	No	en-gb	United Kingdom
Extra Large	Mac OS X	search_traffic	2	No	zh-tw	Taiwan
Extra Large	Windows New	unknown	1	No	en-us	Albania
Extra Small	Android	search_traffic	2	No	en-us	India
Extra Large	Windows New	search_traffic	1	Yes	en	Ireland
Extra Large	Mac OS X	search_traffic	2	No	en-gb	United Kingdom
Extra Large	Mac OS X	search_traffic	1	No	en-us	Colombia
Extra Small	Android	direct_traffic	2	No	en-us	Brazil
Extra Small	iOS	search_traffic	1	No	en-us	United States
Extra Small	Android	search_traffic	2	No	en-gb	New Zealand
Extra Large	Windows New	search_traffic	2	No	en-au	Australia
Extra Small	Android	search_traffic	2	No	en-gb	Myanmar
Large	Windows New	unknown	2	No	en-us	United States
Extra Small	iOS	unknown	2	No	en-ca	Canada
Extra Large	Windows New	search_traffic	1	No	en-us	Australia
Extra Small	Android	search_traffic	2	No	en-gb	Kuwait
Extra Large	Windows New	search_traffic	2	No	en-us	Saudi Arabia
Extra Large	Windows New	search_traffic	2	No	en-us	United States
Extra Small	iOS	unknown	1	No	en-us	Ireland
Extra Small	iOS	search_traffic	2	No	en-gb	Singapore
Extra Small	Android	direct_traffic	2	No	en-us	United States
Extra Small	iOS	search_traffic	1	No	en-us	United States
Extra Large	Windows New	search_traffic	1	No	en-us	United Arab Emirates
Extra Small	iOS	search_traffic	1	No	en-us	Japan
Medium	iOS	search_traffic	2	No	en-gb	Japan
Extra Large	Windows New	unknown	2	No	pt-br	Brazil
Extra Large	Windows New	search_traffic	1	No	en-us	Canada
Extra Small	Android	search_traffic	2	No	en-gb	Saudi Arabia
Extra Large	Windows New	search_traffic	2	No	en-us	India
Extra Small	iOS	search_traffic	1	No	en-us	India
Extra Small	Android	direct_traffic	1	No	en-us	United States
Extra Small	Android	direct_traffic	2	No	en-us	United States
Extra Small	iOS	search_traffic	1	No	en-us	United States
Extra Small	Android	search_traffic	1	Yes	en-us	India
Extra Large	Windows New	unknown	1	No	en-us	France
Extra Small	Android	direct_traffic	2	No	en	United States
Extra Small	Android	direct_traffic	1	No	en-us	United States
Extra Small	Android	search_traffic	1	No	en-gb	United States
Extra Small	Android	unknown	1	No	en-us	Mongolia
Extra Large	Windows New	search_traffic	1	No	pl-pl	Iceland
Extra Large	Windows New	search_traffic	2	No	en-us	India
Extra Large	Windows New	search_traffic	2	No	pl-pl	Poland
Extra Large	Windows New	search_traffic	1	No	en-us	South Africa
Extra Large	Windows New	search_traffic	2	No	en-us	India
Extra Small	Android	search_traffic	2	No	en-us	India
Extra Large	Mac OS X	search_traffic	2	No	en-us	Israel
Extra Large	Windows New	search_traffic	1	No	en-us	India
Extra Small	Android	unknown	2	No	es-419	Mexico
Extra Large	Windows New	search_traffic	2	No	en-us	Qatar
Extra Large	Windows New	direct_traffic	1	No	es-es	Spain
Extra Large	Mac OS X	search_traffic	1	No	en-us	United States
Extra Large	Windows New	search_traffic	2	No	en-us	United States
Extra Large	Windows New	search_traffic	1	No	en-us	India
Extra Small	Android	search_traffic	2	No	en-us	India
Extra Large	Windows New	direct_traffic	2	No	en-us	Norway
Extra Small	iOS	search_traffic	1	No	en-us	Czech Republic
Extra Small	Android	search_traffic	2	No	en-gb	India
Extra Large	Mac OS X	unknown	1	No	en-us	India
Extra Large	Windows New	direct_traffic	1	No	pt-br	Brazil
Extra Small	Android	direct_traffic	1	No	en	Europe
Extra Small	Android	unknown	2	No	en-us	Ghana
Extra Large	Windows New	search_traffic	1	No	en-us	India
Extra Large	Windows New	unknown	2	No	en-us	Nigeria
Extra Small	Android	unknown	2	No	en-us	Qatar
Extra Small	iOS	search_traffic	1	No	en-us	Albania
Extra Large	Mac OS X	search_traffic	1	No	en-gb	United Kingdom
Medium	iOS	search_traffic	2	No	en-us	United States
Extra Small	Android	direct_traffic	1	No	en	South Africa
Extra Small	Android	search_traffic	2	No	en-us	United States
Extra Small	Android	direct_traffic	1	No	en-us	United States
Extra Small	Android	search_traffic	2	No	en-us	Nepal
Extra Small	Android	unknown	1	No	en-gb	India
Extra Large	Windows New	search_traffic	2	No	en-us	Austria
Extra Large	Mac OS X	search_traffic	2	No	en-us	Austria
Extra Small	iOS	search_traffic	1	No	en-us	India
Extra Large	Other	direct_traffic	1	No	en-us	United States
Extra Large	Windows New	search_traffic	2	Yes	en-us	India
Extra Small	Android	unknown	1	Yes	en-gb	Pakistan
Extra Small	Android	search_traffic	2	Yes	es	United States
Extra Large	Windows New	unknown	1	No	it-it	Italy
Extra Large	Windows New	search_traffic	1	No	en-us	India
Large	iOS	search_traffic	2	No	en-gb	United Kingdom
Extra Large	Windows New	search_traffic	2	No	en-us	India
Extra Large	Windows New	search_traffic	2	No	en-us	India
Extra Small	iOS	unknown	2	No	zh-tw	Hong Kong
Extra Small	Android	search_traffic	1	No	en-us	India
Extra Large	Windows New	search_traffic	2	No	en-gb	Netherlands
Extra Large	Mac OS X	search_traffic	1	No	en-us	Brazil
Extra Large	Mac OS X	direct_traffic	1	No	en-us	Macedonia
Large	Windows New	search_traffic	2	No	en-us	Iraq
Extra Large	Windows New	search_traffic	2	No	en-us	United States
Extra Large	Windows New	search_traffic	1	No	en-us	United Arab Emirates
Extra Large	Mac OS X	search_traffic	1	No	fr	France
Extra Large	Windows New	unknown	1	No	en-gb	India
Extra Small	Android	unknown	1	No	en-us	India
Extra Large	Mac OS X	search_traffic	2	No	en-us	Malta
Extra Large	Windows New	search_traffic	1	No	en-us	Sweden
Extra Large	Mac OS X	search_traffic	1	No	en-ca	Canada
Extra Large	Windows New	search_traffic	1	No	en-us	India
Extra Small	Android	direct_traffic	1	No	en-us	United States
Extra Small	Other	search_traffic	2	No	en	United States
Extra Small	Android	search_traffic	1	No	en-us	United States
Extra Small	Android	search_traffic	2	No	en-in	India
Extra Large	Windows New	unknown	1	No	en-us	Poland
Extra Large	Windows New	search_traffic	1	No	el	Greece
Extra Small	iOS	search_traffic	1	No	en-us	United States
Extra Small	Android	search_traffic	2	No	pt	Brazil
Extra Large	Windows New	search_traffic	1	No	en-us	United Kingdom
Extra Small	Android	search_traffic	2	No	en-gb	Malaysia
Extra Small	Android	direct_traffic	2	No	en-us	United States
Extra Large	Windows New	direct_traffic	2	No	es-es	Colombia
Extra Small	Android	unknown	2	No	en-gb	India
Extra Large	Windows New	search_traffic	1	No	en-us	United States
Extra Small	Android	unknown	1	No	en-us	Lebanon
Large	Windows New	search_traffic	1	No	en-us	India
Extra Large	Windows New	search_traffic	2	No	en-us	India
Extra Large	Windows New	unknown	2	No	en-us	Greece
Extra Large	Windows New	search_traffic	1	Yes	ru-ru	Cyprus
Medium	iOS	search_traffic	2	No	en-ca	Canada
Extra Large	Mac OS X	search_traffic	1	No	en-us	United States
Extra Small	iOS	search_traffic	2	No	ru-ru	Kazakhstan
Extra Large	Mac OS X	search_traffic	1	No	en-ca	Canada
Extra Small	iOS	unknown	2	No	en-us	India
Extra Large	Windows Old	search_traffic	1	No	en-us	Nepal
Extra Small	Android	search_traffic	2	No	en-us	Cameroon
Extra Small	Android	unknown	2	No	en-us	Europe
Extra Large	Mac OS X	search_traffic	2	No	en-us	Australia
Extra Small	Android	direct_traffic	1	No	en-us	United States
Extra Small	Android	search_traffic	2	No	en-us	India
Extra Small	Android	direct_traffic	2	No	en-us	United States
Extra Large	Windows New	search_traffic	1	No	en-us	United States
Extra Large	Windows New	search_traffic	1	No	en-us	Armenia
Extra Small	Android	search_traffic	1	No	en-us	India
Extra Large	Windows New	unknown	2	No	en-us	Nepal
Extra Small	Android	search_traffic	2	No	en-us	Canada
Extra Large	Windows New	unknown	2	Yes	en-us	Finland
Extra Small	iOS	search_traffic	1	No	en-us	Brazil
Extra Small	Android	unknown	2	No	en-gb	Pakistan
Extra Large	Windows New	search_traffic	2	No	en-us	Turkey
Extra Large	Windows New	search_traffic	2	No	ru-ru	Belarus
Extra Large	Windows New	unknown	2	No	en-us	Indonesia
Extra Large	Windows New	search_traffic	1	No	en-us	Latvia
Extra Small	Android	search_traffic	1	No	en-us	India
Extra Small	iOS	search_traffic	1	No	en-us	United States
Extra Large	Windows New	unknown	1	No	en-us	India
Extra Small	Android	search_traffic	1	No	en-us	India
Extra Small	iOS	search_traffic	1	No	en-us	Ghana
Extra Small	Android	search_traffic	2	No	ru-ru	Kazakhstan
Extra Small	iOS	search_traffic	1	No	en-us	India
Extra Small	iOS	unknown	2	No	en-us	South Africa
Extra Large	Windows New	search_traffic	1	No	ru-ru	Kazakhstan
Extra Large	Windows New	search_traffic	2	No	en-us	Bangladesh
Extra Large	Windows New	unknown	1	No	en-us	United States
Extra Large	Windows New	search_traffic	2	No	en-us	United States
Extra Small	Android	direct_traffic	2	No	en-us	Brazil
Extra Large	Mac OS X	unknown	2	No	en-us	United Kingdom
Extra Small	Android	direct_traffic	2	No	en-us	United States
Extra Small	Android	search_traffic	2	No	en-gb	Nepal
Extra Small	iOS	search_traffic	2	No	en-us	Peru
Extra Small	Android	search_traffic	1	No	en-gb	India
Extra Small	Android	direct_traffic	1	No	en-us	United States
Extra Large	Windows New	search_traffic	1	No	en-us	Germany
Extra Small	Android	direct_traffic	1	No	en	United States
Extra Large	Mac OS X	search_traffic	1	No	en-us	Canada
Extra Large	Mac OS X	search_traffic	1	No	en-us	United States
Extra Small	Android	direct_traffic	2	No	en-us	United States
Large	Windows New	search_traffic	1	No	en-us	India
Extra Small	Android	unknown	1	No	en-gb	Russian Federation
Extra Large	Windows New	unknown	2	No	fr	Cameroon
Large	Windows New	search_traffic	1	No	bg-bg	Bulgaria
Extra Small	Android	direct_traffic	1	No	en-us	United States
Extra Large	Windows New	search_traffic	2	No	en-us	Nepal
Extra Large	Mac OS X	search_traffic	1	No	en-ca	Canada
Extra Small	iOS	search_traffic	2	No	en-gb	Ireland
Extra Small	iOS	search_traffic	2	No	ru-ru	Latvia
Extra Small	Android	direct_traffic	2	No	en-us	United States
Extra Large	Windows New	unknown	1	No	en-us	India
Extra Small	Android	search_traffic	2	No	en-us	India
Extra Small	iOS	unknown	2	Yes	en-us	United States
Extra Small	Android	direct_traffic	2	No	en-us	Brazil
Extra Small	Android	direct_traffic	1	No	en-us	Brazil
Extra Small	Android	search_traffic	1	No	en-us	India
Large	Mac OS X	unknown	2	No	zh-tw	Taiwan
Extra Large	Windows New	unknown	1	No	en-us	India
Extra Large	Windows New	search_traffic	1	No	es-es	Spain
Extra Small	Android	search_traffic	2	No	en-gb	United Kingdom
Extra Small	iOS	search_traffic	2	No	en-us	India
Extra Large	Windows New	search_traffic	1	No	en-us	United Kingdom
Extra Small	iOS	search_traffic	2	No	en-us	United States
Extra Large	Windows New	search_traffic	2	No	ar	Iraq
Extra Large	Windows New	search_traffic	1	No	en-us	Bangladesh
Extra Small	iOS	unknown	1	No	en-us	Pakistan
Extra Large	Windows New	search_traffic	1	No	en-us	Greece
Extra Small	Android	direct_traffic	2	No	en-us	United States
Extra Small	Android	search_traffic	1	No	fr	France
Extra Large	Windows New	search_traffic	2	No	en-us	India
Extra Small	Android	search_traffic	1	No	en-ca	Canada
Extra Large	Windows New	unknown	2	No	en-us	Netherlands
Extra Small	Android	unknown	2	No	en-us	Canada
Extra Small	Android	search_traffic	2	No	en-us	India
Extra Small	iOS	search_traffic	2	No	en-us	India
Extra Large	Windows New	direct_traffic	1	No	en-us	Serbia
Extra Large	Windows New	search_traffic	1	No	en-us	Canada
Extra Large	Mac OS X	unknown	2	No	en-us	Canada
Extra Small	Android	search_traffic	2	No	en-us	United Kingdom
Extra Small	iOS	search_traffic	2	No	en-us	United States
Extra Large	Windows New	search_traffic	2	No	en-us	India
Extra Small	iOS	search_traffic	2	No	en-gb	United Kingdom
Extra Small	Android	search_traffic	2	No	en-us	India
Large	Android	search_traffic	1	No	en-us	Egypt
Extra Large	Windows New	unknown	1	No	fr-fr	France
Extra Large	Mac OS X	search_traffic	2	No	en-us	Australia
Medium	iOS	search_traffic	1	No	en-ca	Canada
Extra Small	Android	direct_traffic	2	No	pt-br	Colombia
Extra Small	iOS	search_traffic	2	No	en-gb	United Kingdom
Extra Small	iOS	search_traffic	2	No	en-gb	Bangladesh
Extra Small	iOS	direct_traffic	1	No	en-ie	Ireland
Extra Large	Windows New	unknown	2	No	en-us	United States
Extra Small	iOS	search_traffic	2	No	en-us	Romania
Extra Small	Other	search_traffic	2	No	en-gb	Europe
Extra Large	Windows New	unknown	1	No	en-us	Pakistan
Extra Large	Windows New	direct_traffic	2	No	en-us	Guyana
Extra Large	Windows New	search_traffic	1	No	en-us	United Arab Emirates
Extra Large	Windows New	search_traffic	1	No	en-us	United States
Extra Small	Android	unknown	2	Yes	en-gb	Nigeria
Extra Small	iOS	search_traffic	1	Yes	en-us	India
Extra Small	iOS	direct_traffic	1	No	en-sg	Malaysia
Extra Large	Windows New	search_traffic	2	No	en-us	United States
Extra Small	Android	search_traffic	2	No	en-us	Nigeria
Extra Small	Android	direct_traffic	2	No	en-gb	Taiwan
Extra Small	Android	direct_traffic	2	No	en-us	Brazil
Extra Small	iOS	search_traffic	1	No	en-us	India
Extra Small	iOS	search_traffic	2	No	en-au	Australia
Extra Small	Android	unknown	1	No	en-in	Poland
Extra Small	Android	search_traffic	1	No	en-us	Ethiopia
Extra Large	Windows New	search_traffic	2	No	en-us	United Kingdom
Extra Large	Windows New	unknown	1	No	en-us	Netherlands
Extra Small	Android	unknown	2	Yes	en-gb	Iraq
Extra Small	Android	search_traffic	2	No	en-gb	India
Extra Large	Windows New	search_traffic	1	No	nl-be	Netherlands
Extra Small	Android	search_traffic	2	No	en-us	India
Extra Large	Linux	search_traffic	2	No	en-us	United Kingdom
Extra Large	Windows New	unknown	1	No	en-us	Qatar
Extra Large	Windows New	unknown	2	No	nl-nl	Netherlands
Extra Large	Linux	direct_traffic	1	No	en-us	India
Extra Small	Android	search_traffic	1	No	en-gb	South Africa
Extra Small	Android	search_traffic	2	No	en-us	United Kingdom
Extra Large	Mac OS X	direct_traffic	1	No	pl-pl	Poland
Extra Large	Linux	search_traffic	1	No	en-us	Italy
Extra Small	Android	direct_traffic	2	No	en-us	United States
Extra Small	Android	search_traffic	1	No	en-us	India
Extra Small	Android	direct_traffic	1	No	en	South Africa
Extra Large	Windows New	search_traffic	1	No	en-us	Nigeria
Extra Small	Android	direct_traffic	2	No	en	Europe
Extra Small	iOS	search_traffic	1	No	en-us	India
Extra Large	Windows New	direct_traffic	2	No	es	Spain
Extra Small	Android	direct_traffic	1	No	en-us	United States
Extra Small	iOS	search_traffic	1	No	en-us	India
Extra Large	Mac OS X	unknown	1	No	en-us	Switzerland
Extra Large	Windows New	unknown	2	No	en-us	United Arab Emirates
Extra Small	iOS	search_traffic	2	No	en-us	India
Extra Small	Android	direct_traffic	2	No	en-us	United States
Extra Large	Windows New	unknown	2	No	pt-br	Brazil
Extra Large	Mac OS X	unknown	1	No	it-it	Italy
Extra Large	Windows New	search_traffic	1	No	en-us	India
Extra Large	Windows New	search_traffic	1	No	en-us	India
Extra Small	Android	direct_traffic	2	No	en-us	United States
Extra Small	Android	search_traffic	1	No	fi	Finland
Extra Large	Windows New	search_traffic	2	No	it	Italy
Extra Large	Mac OS X	unknown	2	No	en-gb	Netherlands
Extra Large	Windows New	search_traffic	1	No	en-us	Nepal
Medium	iOS	search_traffic	2	No	en-us	United States
Extra Large	Windows New	search_traffic	1	No	en-us	Botswana
Extra Small	iOS	search_traffic	2	No	en-us	Lithuania
Extra Small	Android	direct_traffic	2	No	en-us	United States
Extra Small	iOS	search_traffic	1	No	en-us	Macau
Large	Windows New	unknown	1	No	en-us	United Kingdom
Extra Small	iOS	search_traffic	1	No	en-sg	United Kingdom
Medium	iOS	search_traffic	2	No	en-us	Virgin Islands, U.S.
Extra Large	Windows New	search_traffic	1	No	en-us	Pakistan
Extra Large	Windows New	unknown	1	No	fr-fr	Algeria
Extra Large	Mac OS X	search_traffic	2	No	en-gb	Pakistan
Extra Small	Android	search_traffic	2	No	en-us	Bhutan
Extra Large	Mac OS X	search_traffic	1	No	en-ca	Canada
Extra Large	Windows New	search_traffic	2	No	en-us	India
Extra Large	Windows New	unknown	2	No	es	Spain
Extra Small	Android	search_traffic	2	No	en-gb	India
Extra Large	Windows New	search_traffic	2	No	en-us	India
Extra Large	Windows New	search_traffic	1	No	en-us	Botswana
Extra Small	Android	direct_traffic	1	No	en-us	Brazil
Extra Large	Windows New	search_traffic	1	No	en-us	Pakistan
Extra Small	Android	search_traffic	2	No	en-us	Indonesia
Extra Large	Windows New	search_traffic	1	No	en	India
Extra Small	Android	unknown	1	No	en-us	India
Extra Small	Android	search_traffic	2	No	en-gb	Montenegro
Extra Large	Windows New	search_traffic	1	No	en-gb	Bangladesh
Extra Large	Windows New	search_traffic	2	No	en-us	India
Extra Large	Windows New	search_traffic	2	No	bg	Bulgaria
Extra Large	Windows New	search_traffic	1	No	en-gb	United Kingdom
Extra Small	Android	search_traffic	2	No	en-gb	India
Extra Small	Android	direct_traffic	1	No	en-us	United States
Extra Large	Chrome OS	search_traffic	1	No	en-us	United States
Extra Large	Windows New	unknown	2	No	en-us	Lebanon
Extra Small	iOS	search_traffic	2	No	en-au	Germany
Extra Large	Windows New	search_traffic	1	No	en-gb	India
Extra Small	Android	search_traffic	1	No	en-us	India
Medium	Linux	direct_traffic	1	No	en-us	United States
Extra Small	Android	direct_traffic	2	No	en-us	United States
Extra Large	Mac OS X	search_traffic	2	No	en-gb	United Kingdom
Extra Large	Mac OS X	unknown	2	No	en-gb	Australia
Extra Large	Windows New	direct_traffic	2	No	en-us	United Kingdom
Extra Large	Windows New	unknown	2	No	en-us	India
Extra Small	Android	direct_traffic	1	No	en-us	United States
Extra Small	Android	direct_traffic	1	No	en-us	United States
Extra Large	Windows New	search_traffic	2	No	en-us	Pakistan
Extra Small	Android	direct_traffic	2	No	en-us	United States
Extra Large	Windows New	direct_traffic	1	No	en-us	India
Extra Small	Android	unknown	2	No	en-us	United States
Extra Small	iOS	search_traffic	2	No	en-us	Nigeria
Extra Small	iOS	search_traffic	2	No	en-us	India
Extra Large	Android	unknown	2	No	en-gb	Canada
Extra Large	Windows New	direct_traffic	1	No	zh-cn	China
Extra Small	Android	direct_traffic	2	No	en-us	United States
Extra Large	Windows New	search_traffic	2	No	en-gb	India
Extra Large	Mac OS X	unknown	1	No	en-us	Canada
Extra Large	Windows New	search_traffic	1	No	en-us	United States
Extra Small	Other	search_traffic	1	No	en	Europe
Extra Small	Android	direct_traffic	2	No	en-us	United States
Extra Small	iOS	unknown	2	No	en-us	Nigeria
Extra Small	iOS	search_traffic	2	No	ru-ru	Azerbaijan
Extra Large	Windows New	search_traffic	1	No	en-us	India
Extra Small	Android	search_traffic	1	No	en-us	India
Extra Large	Mac OS X	search_traffic	1	No	en-us	United States
Small	Android	search_traffic	1	No	en-gb	Russian Federation
Extra Large	Windows New	direct_traffic	1	No	en-us	Jamaica
Extra Large	Mac OS X	search_traffic	2	No	en-us	United States
Extra Small	Android	search_traffic	2	No	en-gb	India
Extra Large	Windows New	search_traffic	2	No	en-us	Indonesia
Extra Large	Windows New	unknown	1	No	en-us	Ethiopia
Extra Small	Android	search_traffic	2	No	en-us	Nigeria
Extra Large	Windows New	search_traffic	2	No	en-us	Canada
Extra Small	Android	direct_traffic	1	No	en-gb	Qatar
Small	Android	unknown	2	No	en-us	Ukraine
Extra Small	Android	search_traffic	1	No	en-us	India
Extra Small	Android	search_traffic	1	No	en-us	Jamaica
Extra Small	Android	search_traffic	2	No	en-gb	Bahrain
Extra Large	Windows New	unknown	2	No	fr-fr	Switzerland
Extra Small	Android	search_traffic	1	No	en-gb	India
Extra Small	Android	search_traffic	1	No	en-gb	United Kingdom
Extra Large	Windows New	unknown	2	No	cs-cz	Czech Republic
Extra Large	Windows New	search_traffic	2	No	en-au	Australia
Extra Small	Android	direct_traffic	2	No	en-us	United States
Extra Small	Android	search_traffic	1	No	en	Europe
Extra Large	Mac OS X	search_traffic	1	No	en-us	Netherlands
Extra Small	Android	direct_traffic	2	No	en-us	Brazil
Extra Large	Mac OS X	search_traffic	1	No	en-us	Germany
Extra Small	Android	search_traffic	2	No	en-us	Philippines
Extra Small	Android	direct_traffic	2	No	en-us	India
Extra Large	Windows New	search_traffic	1	No	en-gb	United Kingdom
Extra Small	iOS	unknown	2	No	en-us	Puerto Rico
Extra Large	Windows New	direct_traffic	2	No	en-us	India
Extra Large	Windows New	search_traffic	2	No	en-us	United States
Extra Small	iOS	search_traffic	2	No	en-us	India
Extra Large	Windows New	search_traffic	2	No	en-us	India
Extra Small	Android	search_traffic	1	No	en-us	India
Extra Large	Windows New	search_traffic	2	No	en-us	Nepal
Extra Large	Mac OS X	search_traffic	1	No	en-sg	Singapore
Extra Large	Windows New	unknown	2	No	en-us	Ghana
Extra Large	Mac OS X	search_traffic	2	No	en-us	United States
Extra Large	Mac OS X	search_traffic	2	No	en-us	Israel
Extra Large	Linux	direct_traffic	2	No	en-us	United States
Extra Small	Android	unknown	1	No	en-gb	India
Extra Large	Mac OS X	search_traffic	1	No	en-us	United States
Extra Large	Windows New	unknown	2	No	en-us	Germany
Extra Small	Android	search_traffic	1	No	en-gb	India
Extra Large	Linux	unknown	1	No	en-us	India
Extra Large	Mac OS X	direct_traffic	2	No	en-us	Korea, Republic of
Extra Large	Windows New	search_traffic	2	No	zh-cn	United Kingdom
Extra Small	Android	search_traffic	1	No	de	Germany
Extra Large	Mac OS X	search_traffic	2	No	en-us	United Arab Emirates
Extra Small	Android	search_traffic	1	No	it-it	Czech Republic
Extra Small	iOS	unknown	1	No	en-us	United States
Extra Large	Other	direct_traffic	1	No	en-us	United States
Extra Large	Windows New	unknown	1	No	en-gb	Pakistan
Extra Large	Windows New	search_traffic	1	No	it-it	Italy
Extra Large	Windows New	search_traffic	2	No	en-us	Canada
Extra Large	Windows New	unknown	2	No	en-gb	India
Extra Large	Windows New	search_traffic	1	No	en-us	India
Extra Large	Windows New	search_traffic	1	No	en-us	Albania
Extra Small	Android	direct_traffic	2	No	en-us	United States
Extra Large	Windows New	search_traffic	1	No	en-us	United States
Extra Large	Mac OS X	search_traffic	1	No	fr-fr	Spain
Small	Android	unknown	1	No	en-us	Nigeria
Extra Small	Android	direct_traffic	2	No	en-us	United States
Extra Large	Mac OS X	search_traffic	1	No	en-us	Italy
Extra Small	Android	search_traffic	1	No	en-us	United States
Extra Large	Windows New	search_traffic	1	No	en-us	Nigeria
Extra Small	iOS	search_traffic	2	No	en-us	India
Extra Large	Mac OS X	unknown	1	No	en-gb	Finland
Extra Small	iOS	search_traffic	1	No	en-us	Philippines
Extra Small	iOS	search_traffic	1	No	en-us	United States
Extra Large	Mac OS X	search_traffic	2	No	en-us	United Kingdom
Extra Large	Windows New	search_traffic	1	No	en-us	Thailand
Extra Large	Windows New	search_traffic	2	No	en-us	United Kingdom
Extra Small	iOS	unknown	1	No	en-gb	Nigeria
Extra Large	Windows New	search_traffic	2	No	de	Germany
Extra Large	Mac OS X	search_traffic	2	No	bg-bg	Bulgaria
Extra Small	Android	unknown	2	No	en-gb	Poland
Extra Small	Android	search_traffic	2	No	en-us	India
Extra Large	Windows New	search_traffic	1	No	en-us	Norway
Extra Large	Windows New	search_traffic	2	No	en-us	India
Extra Small	iOS	unknown	1	No	en-us	Netherlands
Extra Large	Windows New	search_traffic	1	No	en-us	India
Extra Large	Windows New	search_traffic	2	No	ja-jp	Japan
Extra Small	Android	direct_traffic	2	No	en	South Africa
Extra Large	Windows New	search_traffic	2	No	en-us	Canada
Extra Large	Windows New	unknown	2	No	en-us	Bangladesh
Extra Small	Android	direct_traffic	1	No	en-us	United States
Extra Large	Windows New	search_traffic	2	No	en-us	Cyprus
Extra Large	Mac OS X	unknown	2	No	en-ie	Ireland
Extra Large	Windows New	search_traffic	2	No	de	Austria
Extra Small	iOS	search_traffic	1	No	en-ca	Canada
Extra Large	Windows New	unknown	1	No	en-us	France
Extra Small	iOS	search_traffic	2	No	en-us	India
Extra Large	Windows New	search_traffic	2	No	en-us	Israel
Extra Large	Windows New	search_traffic	2	No	en-us	Pakistan
Extra Small	Android	direct_traffic	2	No	en-us	United States
Extra Large	Windows New	search_traffic	1	No	en-gb	Egypt
Extra Small	Android	search_traffic	2	No	en-us	India
Extra Large	Windows New	search_traffic	2	No	en-gb	India
Extra Large	Windows New	search_traffic	2	No	en-us	Jordan
Extra Large	Windows New	search_traffic	2	No	en-us	Australia
Extra Small	Android	social_traffic	1	No	en-us	India
Extra Small	iOS	search_traffic	1	No	en-us	United States
Medium	iOS	search_traffic	1	No	en-gb	Cyprus
Extra Small	Android	search_traffic	2	No	en-us	Nigeria
Extra Large	Windows New	search_traffic	2	No	en-us	Pakistan
Extra Large	Windows New	search_traffic	2	No	en-us	Pakistan
Extra Large	Windows New	search_traffic	1	No	nl-nl	Netherlands
Extra Small	iOS	search_traffic	1	No	en-au	Australia
Extra Large	Windows New	search_traffic	2	No	en-us	Morocco
Extra Large	Windows New	unknown	2	No	en-us	Qatar
Extra Large	Windows New	unknown	2	No	en-us	Nepal
Extra Large	Windows New	unknown	1	No	en-gb	United Kingdom
Extra Large	Mac OS X	unknown	2	No	ar	Saudi Arabia
Extra Small	Android	unknown	1	No	en-us	Malaysia
Extra Large	Windows New	search_traffic	1	No	en-us	Pakistan
Extra Large	Mac OS X	search_traffic	1	No	en-us	Ukraine
Extra Large	Windows New	search_traffic	1	No	en-us	Kenya
Extra Small	Android	unknown	1	No	en-gb	Pakistan
Extra Small	Android	unknown	1	No	it-it	Italy
Extra Large	Windows New	unknown	1	No	en-us	United States
Extra Small	iOS	search_traffic	2	No	en-au	Canada
Extra Large	Windows New	search_traffic	2	No	en-au	Australia
Extra Small	Android	search_traffic	1	No	en-gb	Cameroon
Extra Small	Android	search_traffic	2	No	en-gb	Portugal
Extra Small	iOS	search_traffic	1	No	en-gb	Thailand
Extra Small	Android	unknown	1	No	en-gb	France
Extra Small	Android	search_traffic	1	No	el-gr	Greece
Extra Small	Android	search_traffic	2	No	en-us	United Kingdom
Extra Small	iOS	search_traffic	2	No	en-us	Albania
Extra Small	Android	search_traffic	1	No	en-gb	Nepal
Extra Small	Android	search_traffic	2	No	en-us	India
Extra Small	iOS	search_traffic	2	No	en-us	India
Extra Small	Android	direct_traffic	1	No	en-us	United States
Extra Large	Mac OS X	search_traffic	2	No	en-us	Canada
Extra Large	Mac OS X	search_traffic	1	No	en-us	United States
Extra Large	Mac OS X	direct_traffic	1	No	en-us	United States
Extra Large	Mac OS X	search_traffic	2	No	en-us	India
Extra Large	Windows New	unknown	1	No	en-us	Bahamas
Extra Small	iOS	unknown	2	No	en-us	United States
Extra Large	Windows New	search_traffic	2	No	en-us	United States
Extra Small	Android	search_traffic	1	No	en-in	India
Extra Large	Windows New	search_traffic	1	No	en-ca	Canada
Extra Large	Windows New	search_traffic	2	No	vi	Taiwan
Extra Large	Mac OS X	unknown	2	No	en-in	India
Extra Small	Android	search_traffic	1	No	en-us	India
Extra Small	iOS	search_traffic	1	No	en-us	United States
Small	Android	search_traffic	1	No	en-us	India
Extra Small	iOS	search_traffic	2	No	en-us	Saudi Arabia
Extra Small	iOS	search_traffic	1	No	nl-nl	Netherlands
Extra Large	Windows New	search_traffic	1	No	en-us	Germany
Extra Large	Mac OS X	search_traffic	1	No	en-us	United States
Extra Small	Android	search_traffic	2	No	en-us	India
Extra Large	Windows New	search_traffic	2	No	en-us	Bulgaria
Extra Large	Linux	direct_traffic	2	No	fr-fr	Morocco
Extra Small	Android	search_traffic	1	No	en-gb	South Africa
Extra Large	Windows New	direct_traffic	1	No	en-us	India
Extra Small	Android	direct_traffic	1	No	en-us	Brazil
Extra Large	Windows New	search_traffic	2	No	en-us	Nigeria
Extra Large	Mac OS X	direct_traffic	1	No	en-us	Mexico
Extra Small	Android	direct_traffic	2	No	en-us	Brazil
Extra Small	iOS	unknown	1	No	en-us	Egypt
Extra Small	Android	direct_traffic	2	No	en-us	United States
Extra Small	Android	search_traffic	1	No	en-us	Antigua and Barbuda
Extra Large	Windows New	search_traffic	1	No	en-us	India
Extra Small	Android	direct_traffic	1	No	en-us	Brazil
Extra Small	Android	direct_traffic	1	No	en-us	United States
Extra Large	Windows New	search_traffic	1	No	en-us	Bangladesh
Extra Small	Android	unknown	2	No	en-gb	India
Extra Small	Android	search_traffic	2	No	en-gb	Singapore
Extra Large	Windows New	search_traffic	1	No	en-us	United States
Extra Small	Android	search_traffic	2	No	en-gb	Europe
Extra Small	Android	search_traffic	2	No	en-us	India
Extra Large	Windows New	search_traffic	1	No	en-us	India
Extra Large	Windows New	search_traffic	1	No	el	Switzerland
Extra Large	Windows New	search_traffic	1	No	en-us	India
Extra Large	Windows New	unknown	2	No	de-de	Germany
Extra Small	Android	search_traffic	1	No	en-us	Nigeria
Extra Small	Android	direct_traffic	2	No	en-us	United States
Extra Large	Windows New	search_traffic	2	No	en-us	Albania
Extra Large	Mac OS X	search_traffic	1	No	nl-nl	Germany
Extra Small	iOS	search_traffic	2	No	en-us	Nigeria
Extra Small	Android	direct_traffic	1	No	en-us	United States
Extra Small	Android	search_traffic	1	No	en-us	India
Extra Small	Android	unknown	1	No	sv	Sweden
Extra Small	iOS	search_traffic	2	No	en-us	Lebanon
Extra Small	Android	unknown	1	No	en-gb	Pakistan
Extra Small	Android	search_traffic	2	No	en-gb	Bangladesh
Extra Large	Windows New	search_traffic	1	No	en-us	India
Extra Small	iOS	search_traffic	1	No	en-us	Pakistan
Extra Large	Windows New	search_traffic	1	No	en-us	Nigeria
Large	Windows New	search_traffic	2	No	tr-tr	Turkey
Extra Small	Android	search_traffic	2	No	en-in	India
Extra Large	Mac OS X	unknown	2	No	en-us	Vietnam
Extra Small	Android	unknown	1	No	en-us	Oman
Extra Small	iOS	search_traffic	1	No	en-gb	Peru
Extra Large	Mac OS X	unknown	2	No	en-us	Canada
Extra Large	Windows New	direct_traffic	1	No	en-us	Ghana
Extra Small	iOS	search_traffic	2	No	en-us	United States
Extra Large	Windows New	unknown	1	No	en-us	Pakistan
Extra Large	Windows New	search_traffic	1	No	en-us	Australia
Extra Small	iOS	unknown	2	No	en-us	Pakistan
Extra Large	Mac OS X	search_traffic	1	No	en	Canada
Medium	iOS	unknown	2	No	en-us	Germany
Extra Small	iOS	search_traffic	2	No	en-us	Ukraine
Extra Small	Android	direct_traffic	2	No	en-us	Brazil
Extra Small	Android	direct_traffic	2	No	en-us	United States
Extra Small	Android	unknown	2	No	en-gb	Cameroon
Extra Large	Windows New	search_traffic	1	No	en-us	Philippines
Extra Small	Android	search_traffic	2	No	en-us	Ghana
Small	Android	unknown	2	No	en-gb	Azerbaijan
Extra Small	Android	direct_traffic	1	No	en-us	United States
Small	Android	search_traffic	2	No	en-gb	Sri Lanka
Extra Large	Windows New	search_traffic	2	No	en-us	India
Extra Small	Android	direct_traffic	1	No	en-us	United States
Extra Small	Android	search_traffic	1	No	zh-tw	Hong Kong
Extra Large	Windows New	unknown	2	No	en-us	Lesotho
Extra Small	Android	search_traffic	1	No	en-us	United States
Extra Small	Android	social_traffic	1	No	en-gb	United Kingdom
Extra Small	Android	unknown	2	No	pt-pt	Portugal
Extra Small	Android	search_traffic	2	No	en-gb	Nigeria
Extra Small	Android	search_traffic	2	No	en-us	Malaysia
Extra Large	Windows New	unknown	2	No	en-us	Philippines
Extra Large	Windows New	search_traffic	2	No	zh-cn	Germany
Extra Large	Windows New	unknown	2	No	en-us	South Africa
Extra Large	Windows New	unknown	1	No	en-us	Philippines
Extra Small	Android	search_traffic	2	No	de	Germany
Extra Large	Mac OS X	search_traffic	1	No	en-us	Canada
Extra Small	Android	unknown	1	No	en-us	Indonesia
Extra Large	Windows New	unknown	1	No	es-es	Spain
Extra Small	Android	search_traffic	2	No	en-gb	Nigeria
Extra Large	Windows New	unknown	1	No	en-us	India
Extra Small	Android	search_traffic	2	No	en-gb	Sri Lanka
Extra Large	Mac OS X	search_traffic	2	No	en-us	India
Extra Large	Windows New	search_traffic	1	No	en-us	Nigeria
Extra Small	Android	direct_traffic	2	No	en-us	United States
Extra Large	Windows New	search_traffic	1	No	it-it	Italy
Extra Large	Windows New	search_traffic	2	No	en-us	India
Extra Small	Android	direct_traffic	2	No	en-us	United States
Extra Large	Windows New	search_traffic	1	No	en-us	Lebanon
Extra Small	Android	search_traffic	2	No	en-us	India
Extra Large	Mac OS X	direct_traffic	2	No	es-es	Colombia
Extra Large	Windows New	unknown	2	No	en-us	Indonesia
Large	iOS	search_traffic	2	No	en-gb	Cyprus
Extra Small	iOS	unknown	1	No	en-us	Denmark
Extra Large	Windows New	search_traffic	2	No	en-us	Ghana
Extra Small	iOS	search_traffic	2	No	en-us	United States
Extra Small	Android	search_traffic	2	No	en-us	United States
Extra Large	Windows New	search_traffic	1	No	en-us	Nigeria
Extra Small	iOS	search_traffic	1	No	en-us	Turkey
Extra Small	Android	direct_traffic	2	No	en	South Africa
Extra Small	Android	search_traffic	2	No	en	Europe
Extra Small	Android	search_traffic	1	No	en-us	Singapore
Extra Small	Android	direct_traffic	1	No	en-us	United States
Extra Large	Windows New	search_traffic	2	No	en-us	India
Extra Small	Android	direct_traffic	2	No	en-us	United States
Extra Large	Android	search_traffic	2	No	en-gb	South Africa
Extra Large	Mac OS X	search_traffic	2	No	es	Mexico
Extra Large	Windows New	search_traffic	1	No	en-us	Egypt
Extra Large	Mac OS X	search_traffic	1	No	en-us	United States
Extra Large	Mac OS X	search_traffic	2	No	en-gb	India
Extra Large	Mac OS X	search_traffic	1	No	en-us	Australia
Extra Large	Mac OS X	search_traffic	1	No	en-us	United States
Extra Small	iOS	search_traffic	1	No	en-us	Canada
Extra Large	Windows New	search_traffic	2	No	en-us	Bulgaria
Extra Large	Windows New	search_traffic	2	No	en-gb	United Kingdom
Extra Small	Android	direct_traffic	1	No	en-us	United States
Extra Large	Windows New	direct_traffic	1	No	en-us	Indonesia
Extra Large	Mac OS X	search_traffic	2	No	en-gb	United Kingdom
Extra Small	Android	unknown	2	No	is-is	Iceland
Extra Small	Android	direct_traffic	1	No	en-us	United States
Extra Large	Windows Old	search_traffic	1	No	en-gb	Malaysia
Extra Small	iOS	search_traffic	2	No	en-us	Bangladesh
Extra Large	Windows New	search_traffic	1	No	en-us	United States
Extra Large	Windows New	unknown	1	No	en-us	India
Extra Large	Windows New	unknown	1	No	en-us	Kenya
Extra Small	iOS	search_traffic	2	No	sv-se	Sweden
Extra Small	iOS	search_traffic	1	No	en-gb	United Kingdom
Extra Large	Mac OS X	search_traffic	1	No	en-us	Pakistan
Extra Large	Windows New	search_traffic	1	No	en-gb	United Kingdom
Extra Small	Android	search_traffic	1	No	en-gb	India
Extra Small	Android	search_traffic	1	No	en-us	India
Small	Android	search_traffic	2	No	en-us	Indonesia
Extra Large	Windows New	unknown	2	No	en-us	Tanzania, United Republic of
Extra Large	Windows New	unknown	1	Yes	en-gb	India
Extra Large	Windows New	search_traffic	2	No	el-gr	Greece
Extra Small	Android	direct_traffic	1	No	en-us	Brazil
Extra Large	Windows New	search_traffic	2	No	en-us	Canada
Extra Large	Windows New	search_traffic	1	No	en-us	Bangladesh
Extra Large	Mac OS X	search_traffic	2	No	en-us	Portugal
Extra Large	Mac OS X	search_traffic	1	No	en-us	Canada
Extra Large	Windows New	search_traffic	2	No	en-us	Canada
Extra Small	iOS	search_traffic	1	No	en-ca	Canada
Extra Small	Android	direct_traffic	1	No	en-us	United States
Extra Large	Windows New	search_traffic	2	No	en-us	Canada
Extra Large	Windows New	search_traffic	2	No	en-us	India
Extra Large	Windows New	unknown	1	No	en-us	India
Extra Small	Android	search_traffic	2	No	it-it	Italy
Extra Small	Android	search_traffic	1	No	en	United Kingdom
Extra Small	Android	search_traffic	1	No	en-us	Nigeria
Extra Large	Windows New	search_traffic	1	No	es	Argentina
Extra Small	Android	search_traffic	2	No	en-in	India
Extra Small	iOS	direct_traffic	2	No	en-us	Germany
Extra Small	Android	search_traffic	1	No	en-gb	Lesotho
Extra Large	Windows New	search_traffic	1	No	en-us	India
Extra Large	Windows New	search_traffic	1	No	en-us	Thailand
Extra Large	Windows New	search_traffic	1	No	en-us	India
Extra Large	Windows New	search_traffic	1	No	en-ca	Netherlands
Extra Large	Windows New	unknown	2	No	en-us	Korea, Republic of
Extra Small	Android	search_traffic	2	No	en-us	United States
Extra Large	Windows New	unknown	1	No	fr-fr	Germany
Extra Large	Windows New	unknown	1	No	fr-fr	Tunisia
Extra Small	Android	unknown	2	No	en-us	India
Extra Small	Android	search_traffic	2	No	en-in	India
Extra Large	Windows New	search_traffic	1	No	en-gb	Peru
Extra Large	Mac OS X	search_traffic	1	No	en-us	Germany
Extra Small	Android	search_traffic	2	No	en-gb	United Arab Emirates
Extra Small	iOS	search_traffic	1	No	en-us	Macedonia
Extra Large	Windows New	search_traffic	1	No	en-gb	India
Extra Small	iOS	search_traffic	1	No	en-us	Germany
Extra Small	Android	search_traffic	2	No	en-us	India
Extra Large	Windows New	unknown	2	No	en-us	India
Extra Small	iOS	search_traffic	2	No	it-it	Italy
Large	Windows New	unknown	1	No	ar-sa	Saudi Arabia
Extra Small	Android	direct_traffic	2	No	en-us	United States
Extra Small	iOS	direct_traffic	1	No	en-us	United States
Extra Large	Windows New	search_traffic	2	No	en-us	India
Extra Small	iOS	search_traffic	2	No	en-us	Russian Federation
Extra Small	Android	direct_traffic	2	No	en-us	United States
Extra Large	Windows New	search_traffic	1	No	en-us	Croatia
Extra Small	Android	search_traffic	1	No	en-us	Egypt
Extra Small	Other	search_traffic	2	No	en-gb	Europe
Extra Small	Android	unknown	2	No	en-us	Nigeria
Extra Large	Windows New	search_traffic	2	No	en-gb	Malaysia
Extra Large	Windows New	unknown	1	No	en-us	United Kingdom
Extra Large	Windows New	search_traffic	2	No	en-us	United States
Extra Large	Windows New	search_traffic	2	No	en-us	India
Extra Large	Windows New	search_traffic	2	No	en-us	United States
Extra Large	Windows New	unknown	1	No	en-us	United States
Extra Small	Android	unknown	1	No	en-us	Bangladesh
Extra Large	Windows New	unknown	1	No	en-us	Lithuania
Extra Small	Android	direct_traffic	1	No	en-us	United States
Extra Small	Android	direct_traffic	2	No	en	Europe
Extra Large	Windows New	search_traffic	2	No	en-us	Ghana
Extra Large	Windows New	search_traffic	2	No	es-es	Switzerland
Extra Large	Mac OS X	search_traffic	2	No	en-us	Canada
Extra Large	Windows New	direct_traffic	1	No	en-us	Pakistan
Extra Large	Linux	search_traffic	1	No	en-us	India
Extra Small	iOS	search_traffic	2	No	en-us	Nepal
Extra Small	Android	unknown	2	No	es-mx	Mexico
Extra Small	Android	direct_traffic	1	No	en-us	United States
Extra Large	Windows New	search_traffic	2	No	zh-tw	Hong Kong
Extra Large	Mac OS X	search_traffic	1	No	en-us	Malaysia
Extra Large	Mac OS X	search_traffic	2	No	it-it	Italy
Extra Large	Windows New	unknown	2	No	ru	Estonia
Extra Large	Mac OS X	search_traffic	2	No	en-us	Canada
Extra Small	Android	direct_traffic	1	No	en-us	United States
Extra Small	Android	direct_traffic	2	No	en-us	United States
Extra Large	Windows New	unknown	1	No	en-us	United States
Extra Small	Android	direct_traffic	1	No	en-us	United States
Extra Large	Windows New	search_traffic	2	No	en-gb	United Kingdom
Medium	iOS	search_traffic	2	No	en-us	United States
Extra Small	Android	unknown	2	No	en-us	Philippines
Extra Large	Windows New	unknown	1	No	en-us	Kenya
Extra Large	Windows New	search_traffic	2	No	en-us	United States
Extra Large	Windows New	search_traffic	2	No	hr-hr	Bosnia and Herzegovina
Extra Small	Android	unknown	2	No	en-us	Dominican Republic
Extra Small	Android	direct_traffic	2	No	en-us	United States
Extra Small	iOS	search_traffic	1	No	en-us	Latvia
Medium	iOS	search_traffic	2	No	de-de	Denmark
Extra Small	Android	direct_traffic	1	No	en-us	United States
Extra Small	Android	search_traffic	1	No	en-gb	United Kingdom
Extra Large	Windows New	search_traffic	1	No	zh-cn	China
Extra Small	Android	search_traffic	1	No	en-gb	India
Extra Small	Android	direct_traffic	2	No	en-us	United States
Extra Large	Windows New	unknown	1	No	de-de	Germany
Extra Large	Windows New	unknown	2	No	en-gb	United Arab Emirates
Extra Small	Android	search_traffic	2	No	en-gb	Australia
Extra Small	Android	direct_traffic	2	No	en-us	Brazil
Extra Large	Windows New	search_traffic	1	No	en-us	India
Extra Small	Android	direct_traffic	2	No	en-us	United States
Extra Large	Windows New	search_traffic	1	No	en-us	Uganda
Extra Large	Windows New	search_traffic	2	No	en-us	France
Extra Large	Mac OS X	search_traffic	1	No	en-us	Switzerland
Extra Large	Windows New	search_traffic	2	No	zh-cn	Sweden
Extra Large	Windows New	search_traffic	1	No	en-us	Malaysia
Extra Large	Windows New	unknown	1	No	en-us	Philippines
Extra Large	Windows New	unknown	2	No	en-us	Australia
Extra Large	Windows New	direct_traffic	2	No	en-us	India
Extra Large	Windows New	search_traffic	1	No	en-us	Malaysia
Small	Android	search_traffic	1	No	en	South Africa
Extra Large	Windows New	unknown	2	No	fr	France
Extra Small	Android	direct_traffic	2	No	en-us	Brazil
Extra Large	Mac OS X	unknown	2	No	en-ca	Canada
Extra Large	Windows New	search_traffic	2	No	ko	Korea, Republic of
Extra Small	iOS	search_traffic	2	No	en-us	United States
Extra Large	Mac OS X	search_traffic	2	No	en-us	United Arab Emirates
Extra Small	Android	search_traffic	2	No	en-us	Jamaica
Extra Small	Android	direct_traffic	2	No	en-us	United States
Extra Small	Android	direct_traffic	2	No	en-us	United States
Extra Large	Mac OS X	direct_traffic	1	No	en-us	United States
Extra Small	iOS	direct_traffic	2	No	en-us	Saudi Arabia
Extra Small	Android	unknown	2	No	fr-fr	Morocco
Extra Large	Windows New	search_traffic	1	No	en-us	Greece
Extra Small	Android	search_traffic	1	No	ru-ru	Russian Federation
Extra Small	iOS	search_traffic	2	No	en-us	India
Extra Small	Android	search_traffic	1	No	en-us	Zimbabwe
Extra Small	Android	direct_traffic	2	No	en-us	United States
Extra Large	Windows New	unknown	1	No	en-us	Bulgaria
Medium	iOS	direct_traffic	1	No	en-us	India
Extra Large	Mac OS X	search_traffic	2	No	en-us	Bangladesh
Extra Small	Android	direct_traffic	2	No	en-us	United States
Extra Small	Android	unknown	1	No	en-gb	United States
Extra Small	Android	direct_traffic	2	No	en-us	Brazil
Extra Large	Mac OS X	search_traffic	2	No	en-us	Pakistan
Extra Large	Windows New	search_traffic	2	No	en-us	India
Extra Large	Windows New	unknown	2	No	en-us	Kenya
Extra Small	iOS	search_traffic	1	No	en-us	United States
Extra Small	iOS	search_traffic	2	No	en-us	United States
Extra Large	Mac OS X	search_traffic	1	No	en-ca	Canada
Extra Small	Android	direct_traffic	2	No	en-us	Brazil
Extra Large	Mac OS X	search_traffic	1	No	en-gb	India
Extra Large	Mac OS X	search_traffic	1	No	en-us	United States
Extra Small	iOS	search_traffic	2	No	en-us	Tanzania, United Republic of
Extra Large	Mac OS X	search_traffic	2	No	en-us	Canada
Extra Small	Android	direct_traffic	2	No	en-us	United States
Extra Large	Windows New	search_traffic	2	No	en-us	Canada
Extra Large	Windows New	search_traffic	2	No	ru-ru	Russian Federation
Extra Large	Mac OS X	search_traffic	2	No	en-us	Belgium
Extra Small	iOS	search_traffic	2	No	en-us	Jamaica
Extra Large	Windows New	unknown	2	No	tr-tr	Sweden
Extra Small	Android	search_traffic	2	Yes	ar	Saudi Arabia
Extra Small	iOS	search_traffic	2	No	nl-nl	Netherlands
Large	Android	search_traffic	1	No	ar-sa	Sudan
Extra Large	Windows New	social_traffic	2	No	en-us	India
Extra Small	iOS	search_traffic	1	No	en-us	United Arab Emirates
Extra Small	Android	search_traffic	1	No	en-gb	India
Extra Large	Windows New	search_traffic	2	No	en-us	Kuwait
Extra Large	Windows New	search_traffic	2	No	en-us	India
Extra Small	iOS	unknown	2	No	en-us	Turkey
Extra Large	Mac OS X	search_traffic	1	No	cs-cz	Czech Republic
Extra Large	Windows New	unknown	1	Yes	en-us	Kenya
Extra Small	iOS	search_traffic	2	No	en-us	Korea, Republic of
Extra Large	Windows New	search_traffic	2	No	en-us	Ireland
Extra Small	Android	direct_traffic	2	No	en-us	United States
Extra Large	Linux	unknown	1	No	en-us	Denmark
Extra Small	Android	search_traffic	1	No	en-gb	Sri Lanka
Extra Small	Android	search_traffic	1	No	en-gb	Netherlands
Extra Large	Windows New	unknown	2	No	en-us	Pakistan
Extra Small	iOS	search_traffic	2	No	es-es	Spain
Extra Small	Android	direct_traffic	2	No	en	South Africa
Extra Small	iOS	unknown	1	No	zh-tw	Taiwan
Extra Small	Android	search_traffic	2	No	en-us	Bangladesh
Medium	iOS	search_traffic	1	No	en-ca	Canada
Extra Small	iOS	search_traffic	1	No	en-us	Bahrain
Large	Windows New	unknown	1	No	fr	Morocco
Extra Small	iOS	unknown	1	No	en-gb	United Kingdom
Extra Small	Android	search_traffic	1	No	en-gb	Canada
Extra Small	Android	search_traffic	1	No	en-gb	India
Extra Small	Android	direct_traffic	2	No	en-us	United States
Extra Large	Windows New	unknown	2	No	en-us	United Kingdom
Extra Small	Android	direct_traffic	2	No	en-gb	Albania
Extra Small	iOS	direct_traffic	2	No	en-us	Indonesia
Extra Small	Other	unknown	2	No	en	United Kingdom
Extra Small	Android	direct_traffic	1	No	en-us	United States
Extra Small	Android	search_traffic	2	No	zh-tw	China
Extra Small	Android	search_traffic	2	No	en-gb	Pakistan
Extra Large	Windows New	search_traffic	2	No	en-us	Mexico
Extra Large	Mac OS X	unknown	1	No	en-us	United States
Extra Small	Android	direct_traffic	2	No	en-us	Brazil
Extra Large	Windows New	search_traffic	1	No	nl-nl	Netherlands
Extra Large	Windows New	search_traffic	2	No	en-us	United States
Extra Large	Mac OS X	search_traffic	1	No	en-us	United States
Extra Small	Android	unknown	2	No	en-us	India
Extra Large	Windows New	search_traffic	2	No	en-gb	India
Extra Large	Windows New	search_traffic	2	No	zh-cn	United States
Extra Large	Windows New	search_traffic	1	No	en-gb	Sri Lanka
Extra Small	iOS	search_traffic	1	No	en-us	United States
Extra Small	Android	unknown	1	No	en-us	Kenya
Extra Large	Mac OS X	unknown	2	No	fr-fr	South Africa
Extra Small	Other	direct_traffic	1	No	en-gb	South Africa
Extra Large	Windows New	search_traffic	2	No	pl-pl	Poland
Extra Small	Android	direct_traffic	2	No	en-us	United States
Extra Large	Windows New	search_traffic	2	No	en-us	South Africa
Extra Small	iOS	search_traffic	1	No	en-gb	United Kingdom
Extra Small	Android	search_traffic	2	No	en-gb	India
Medium	Android	direct_traffic	1	No	fa	Germany
Extra Large	Windows New	search_traffic	2	No	en-us	United States
Extra Large	Windows New	search_traffic	2	No	en-us	Hong Kong
Extra Large	Windows New	direct_traffic	1	No	en-us	India
Extra Small	Android	search_traffic	2	No	en-us	United States
Extra Large	Windows New	search_traffic	1	No	en-us	Canada
Medium	iOS	search_traffic	1	No	en-us	South Africa
Large	Windows New	search_traffic	2	No	en-us	Ukraine
Extra Large	Windows New	search_traffic	1	No	en-us	Egypt
Extra Large	Mac OS X	search_traffic	1	No	en-us	Brazil
Extra Small	iOS	search_traffic	1	No	en-us	India
Extra Large	Windows New	unknown	2	Yes	ru	Russian Federation
Large	Windows New	search_traffic	1	No	en-us	India
Extra Small	Android	unknown	2	Yes	en-us	India
Medium	iOS	search_traffic	1	No	en-gb	United Kingdom
Extra Small	Android	search_traffic	2	No	en-gb	Canada
Medium	iOS	unknown	1	No	en-us	Saudi Arabia
Extra Small	Android	direct_traffic	2	No	en	United States
Extra Small	Android	search_traffic	2	No	en-gb	India
Extra Small	Android	direct_traffic	2	No	en-us	United States
Extra Large	Windows New	unknown	2	No	en-us	United Kingdom
Extra Large	Windows New	unknown	1	No	en-us	Libyan Arab Jamahiriya
Extra Large	Windows New	unknown	1	No	en-us	Nigeria
Extra Small	iOS	search_traffic	2	No	en-us	United States
Extra Large	Windows New	search_traffic	2	No	en-us	Italy
Extra Large	Windows New	search_traffic	2	No	en-us	India
Extra Large	Mac OS X	search_traffic	1	No	en-us	India
Extra Large	Windows New	unknown	2	No	bg	Bulgaria
Extra Large	Windows New	search_traffic	1	No	pl-pl	Germany
Extra Small	Android	unknown	2	No	en-us	Nigeria
Extra Large	Mac OS X	search_traffic	2	No	en-us	Malawi
Extra Large	Windows New	search_traffic	2	No	en-us	United States
Extra Small	iOS	unknown	2	No	en-us	India
Extra Small	iOS	unknown	1	No	en-us	Austria
Extra Large	Mac OS X	search_traffic	1	No	en-us	United States
Extra Small	Android	unknown	2	No	en-us	Canada
Extra Large	Mac OS X	search_traffic	2	No	fr-ca	Canada
Extra Small	iOS	unknown	1	No	en-us	Georgia
Extra Small	Android	unknown	2	No	en-us	Indonesia
Extra Large	Windows New	search_traffic	2	No	en-us	India
Extra Large	Windows New	search_traffic	2	No	en-us	United Arab Emirates
Extra Large	Mac OS X	unknown	1	No	en-us	United States
Extra Large	Windows New	search_traffic	2	No	en-us	India
Extra Large	Windows New	search_traffic	1	No	en-us	Uganda
Extra Large	Windows New	search_traffic	2	No	en-us	Nepal
Extra Large	Windows New	search_traffic	2	No	en-us	United Arab Emirates
Extra Small	iOS	search_traffic	1	No	nl-nl	Netherlands
Extra Small	iOS	direct_traffic	2	No	en-us	United States
Extra Small	Android	direct_traffic	1	No	en-us	United States
Extra Small	Android	direct_traffic	1	No	en-us	United States
Extra Large	Windows New	search_traffic	1	No	en	United Kingdom
Extra Large	Windows New	unknown	2	No	en-us	Bangladesh
Extra Large	Mac OS X	search_traffic	1	No	en-gb	Australia
Extra Small	iOS	search_traffic	1	No	en-us	India
Extra Small	Android	direct_traffic	1	No	en-us	United States
Extra Large	Windows New	unknown	2	No	pt-br	Brazil
Extra Large	Windows New	unknown	2	No	en-gb	Bangladesh
Extra Large	Mac OS X	search_traffic	1	No	tr-tr	Turkey
Extra Small	iOS	direct_traffic	2	No	en-gb	United Kingdom
Extra Small	iOS	search_traffic	1	No	en-us	United States
Extra Large	Windows New	search_traffic	2	No	en-us	United Arab Emirates
Extra Large	Windows New	search_traffic	1	No	en-us	United States
Extra Small	Android	direct_traffic	1	No	en-us	United States
Small	Android	search_traffic	2	No	en-gb	Pakistan
Extra Large	Windows New	search_traffic	1	No	en-us	United States
Extra Large	Mac OS X	direct_traffic	2	No	en-us	Switzerland
Extra Large	Windows New	search_traffic	1	No	en-us	United States
Extra Small	Android	direct_traffic	1	No	en-us	United States
Extra Small	Android	search_traffic	2	No	en-us	United States
Extra Large	Windows New	search_traffic	1	No	fr-fr	France
Medium	iOS	search_traffic	1	No	en-us	Nigeria
Extra Small	iOS	direct_traffic	2	No	en-us	Qatar
Extra Large	Windows New	search_traffic	2	No	en-us	India
Extra Small	iOS	search_traffic	2	No	en-us	Germany
Extra Small	iOS	search_traffic	1	No	tr-tr	Turkey
Extra Large	Windows New	direct_traffic	1	No	en-us	Ethiopia
Extra Large	Windows New	direct_traffic	1	No	en-us	Romania
Extra Large	Mac OS X	search_traffic	1	No	ru-ru	Austria
Extra Small	Android	direct_traffic	2	No	en-us	Brazil
Extra Small	Android	search_traffic	2	No	en-us	India
Extra Small	Android	direct_traffic	2	No	en-us	United States
Extra Small	Linux	search_traffic	2	No	en-us	United States
Extra Large	Windows New	unknown	1	No	en-za	South Africa
Extra Small	Android	unknown	2	No	en-us	Pakistan
Extra Small	Android	search_traffic	2	No	en-gb	Portugal
Extra Small	Android	direct_traffic	1	No	en-us	Brazil
Extra Large	Mac OS X	search_traffic	2	No	en-us	United States
Extra Small	iOS	search_traffic	2	No	en-us	United States
Extra Large	Mac OS X	search_traffic	2	No	de-de	Germany
Extra Large	Windows New	unknown	1	No	en-us	Uganda
Extra Small	Android	unknown	2	No	en-us	Indonesia
Extra Small	Android	direct_traffic	2	No	en-us	United States
Extra Large	Windows New	search_traffic	2	No	en-gb	India
Extra Large	Windows New	search_traffic	1	No	en-us	India
Extra Small	Android	search_traffic	1	No	en-gb	India
Large	Android	search_traffic	2	No	en-us	India
Extra Small	Android	unknown	1	No	en-gb	Ireland
Extra Large	Windows New	search_traffic	1	No	en-us	Oman
Extra Small	iOS	search_traffic	1	No	en-us	United States
Extra Small	Android	search_traffic	1	No	en-us	India
Extra Small	Android	search_traffic	1	No	en-us	United States
Extra Small	Android	search_traffic	2	No	en-us	Nigeria
Extra Large	Mac OS X	search_traffic	2	No	en-us	United States
Extra Small	iOS	search_traffic	2	No	en-gb	Hong Kong
Extra Large	Windows New	unknown	2	Yes	en-us	Cyprus
Extra Small	Android	search_traffic	1	No	en-us	India
Extra Large	Windows New	unknown	2	No	en-us	Singapore
Extra Small	Android	email_traffic	2	No	en-us	Turkey
Extra Small	Android	unknown	1	No	en-gb	Germany
Extra Small	Android	search_traffic	2	No	en-us	Malaysia
Extra Small	Android	direct_traffic	1	No	en	India
Medium	iOS	unknown	2	No	en-us	India
Extra Large	Windows New	unknown	1	No	zh-cn	Denmark
Extra Large	Linux	unknown	2	No	en-us	Italy
Extra Large	Linux	unknown	2	No	en-us	Morocco
Extra Small	iOS	unknown	2	No	es-es	Congo, The Democratic Republic of the
Extra Small	iOS	search_traffic	1	No	en-us	United States
Extra Large	Windows New	search_traffic	2	No	en-us	Rwanda
Extra Large	Mac OS X	search_traffic	2	No	en-us	United States
Extra Small	Android	direct_traffic	1	No	en-us	United States
Extra Small	Android	direct_traffic	2	No	en-us	India
Extra Small	Android	unknown	1	No	en-za	South Africa
Extra Large	Mac OS X	direct_traffic	1	No	en-us	Austria
Extra Small	iOS	direct_traffic	1	No	en-us	Slovenia
Extra Small	iOS	search_traffic	2	No	en-us	United States
Extra Large	Windows New	search_traffic	1	No	en-us	India
Extra Small	Android	unknown	2	No	en-us	India
Extra Large	Windows New	unknown	1	No	en-us	Bangladesh
Extra Small	iOS	search_traffic	2	No	en-au	Australia
Extra Small	Android	direct_traffic	2	No	en-us	United States
Extra Large	Mac OS X	search_traffic	2	No	en-us	United Kingdom
Extra Large	Mac OS X	search_traffic	1	No	en-us	United States
Extra Large	Windows New	search_traffic	2	No	en-gb	United Kingdom
Extra Large	Windows New	unknown	2	No	en-us	Pakistan
Extra Large	Windows New	search_traffic	2	No	en-us	Saudi Arabia
Extra Small	Android	search_traffic	2	No	en-us	India
Extra Large	Windows New	search_traffic	1	No	en-us	United States
Extra Small	iOS	unknown	1	No	en-gb	Ghana
Extra Large	Windows New	search_traffic	1	No	en-us	India
Extra Large	Windows New	unknown	2	No	en-us	United Kingdom
Extra Large	Android	direct_traffic	2	No	en-us	India
Extra Small	Android	direct_traffic	2	No	en-us	United States
Extra Small	Android	direct_traffic	2	No	en-us	United States
Extra Large	Windows New	unknown	1	No	pt-pt	Portugal
Extra Small	iOS	search_traffic	2	No	en-us	Nepal
Extra Small	Android	unknown	1	No	en-us	United States
Medium	iOS	unknown	2	No	ru-ru	Russian Federation
Extra Large	Windows New	search_traffic	2	No	en-au	Australia
Extra Large	Windows New	unknown	1	No	en-us	Indonesia
Medium	Windows New	search_traffic	1	No	en-us	United States
Extra Large	Windows New	search_traffic	1	No	fr	Algeria
Extra Large	Windows New	search_traffic	2	No	en-us	United Arab Emirates
Extra Small	Linux	direct_traffic	1	No	es-es	Mexico
Extra Small	iOS	search_traffic	2	No	en-us	Malaysia
Extra Small	Android	direct_traffic	2	No	en-gb	Egypt
Extra Large	Windows New	unknown	1	No	en-us	United Kingdom
Extra Small	Android	direct_traffic	2	No	en-us	Brazil
Extra Small	Android	search_traffic	1	No	en-us	Ghana
Extra Large	Windows New	search_traffic	2	No	en-us	United States
Extra Large	Windows New	search_traffic	2	No	en-gb	Netherlands
Extra Small	Android	direct_traffic	1	No	en-us	United States
Extra Large	Mac OS X	search_traffic	2	No	en-us	United States
Extra Large	Windows New	search_traffic	1	No	en-us	India
Extra Small	Android	direct_traffic	1	No	en	South Africa
Large	Windows New	search_traffic	2	No	vi-vn	Vietnam
Extra Small	Android	unknown	1	No	en-us	India
Extra Large	Mac OS X	search_traffic	2	No	de-de	Germany
Small	Android	search_traffic	2	No	en-us	India
Extra Small	iOS	search_traffic	2	No	en-us	India
Extra Large	Windows New	search_traffic	2	No	en-us	Bahrain
Extra Small	iOS	search_traffic	2	No	en-us	India
Extra Large	Windows New	search_traffic	1	No	en-us	Indonesia
Extra Small	Android	direct_traffic	2	No	en-us	United States
Extra Small	Android	unknown	2	No	en-ca	Canada
Extra Large	Mac OS X	search_traffic	2	No	fr-fr	Morocco
Extra Large	Mac OS X	search_traffic	2	No	en-us	Italy
Extra Small	Android	direct_traffic	2	No	en-us	United States
Extra Small	Android	direct_traffic	1	No	en-us	United States
Extra Small	Android	unknown	2	No	en-us	Bangladesh
Extra Large	Windows New	search_traffic	2	No	en-gb	Saudi Arabia
Extra Large	Windows New	search_traffic	1	No	en-us	Pakistan
Extra Small	Android	search_traffic	2	No	en-gb	Zambia
Extra Large	Mac OS X	search_traffic	2	No	en-au	Australia
Extra Small	iOS	search_traffic	2	No	en-us	India
Extra Small	Android	direct_traffic	2	No	en-us	United States
Extra Small	iOS	direct_traffic	2	Yes	nl-nl	Netherlands
Extra Large	Windows New	search_traffic	1	No	en-us	United States
Extra Small	Android	direct_traffic	2	No	en-us	United States
Extra Large	Windows New	search_traffic	2	No	en-us	Germany
Extra Large	Windows New	search_traffic	1	No	fr-fr	Canada
Extra Small	Android	search_traffic	1	No	en-us	India
Extra Large	Windows New	search_traffic	2	No	de-de	Germany
Extra Large	Windows New	search_traffic	1	No	de-de	Germany
Extra Small	Android	direct_traffic	2	No	en-us	Brazil
Extra Small	iOS	search_traffic	1	No	ar	Saudi Arabia
Extra Small	iOS	unknown	2	No	en-us	Saudi Arabia
Extra Large	Mac OS X	search_traffic	1	No	en-gb	Canada
Extra Small	iOS	search_traffic	2	No	en-us	India
Extra Large	Windows New	search_traffic	2	No	ru-ru	Russian Federation
Extra Small	Android	direct_traffic	2	No	en-us	United States
Extra Large	Windows New	search_traffic	1	No	en-us	Kenya
Extra Small	iOS	search_traffic	2	No	tr-tr	Turkey
Extra Small	Android	direct_traffic	2	No	en-us	United States
Extra Small	Android	search_traffic	1	No	en-us	Germany
Extra Small	Android	search_traffic	2	No	en-us	South Africa
Extra Small	Android	unknown	1	No	es-es	New Zealand
Extra Small	Android	search_traffic	1	No	en-us	Malaysia
Extra Small	iOS	search_traffic	1	No	en-us	United States
Extra Small	Android	search_traffic	1	No	en-us	Italy
Extra Large	Windows New	unknown	1	No	en-us	South Africa
Extra Large	Mac OS X	search_traffic	1	No	en-us	Costa Rica
Large	Android	unknown	2	No	ro-ro	Moldova, Republic of
Extra Small	Android	search_traffic	1	No	en-in	India
Extra Small	iOS	search_traffic	1	No	en-us	Thailand
Extra Large	Windows New	search_traffic	1	No	en-us	India
Extra Small	iOS	search_traffic	1	No	en-us	United States
Extra Small	iOS	unknown	2	No	en-us	United States
Extra Small	Android	search_traffic	2	No	en-nz	United States
Extra Small	iOS	direct_traffic	2	No	en-us	Kenya
Extra Large	Windows New	unknown	2	No	en-us	Somalia
Extra Large	Windows New	unknown	1	No	en-us	Egypt
Extra Large	Mac OS X	unknown	2	No	en-us	Canada
Extra Small	Android	search_traffic	2	No	en-gb	India
Extra Small	Android	direct_traffic	1	No	en-us	United States
Extra Large	Mac OS X	unknown	1	No	en-us	Canada
Extra Large	Windows New	search_traffic	2	No	en-us	Saudi Arabia
Extra Large	Windows New	search_traffic	2	No	en-us	India
Extra Small	Android	unknown	2	No	en-gb	United Kingdom
Medium	iOS	search_traffic	2	No	it-it	Italy
Extra Small	Android	unknown	1	No	en-au	Azerbaijan
Medium	iOS	unknown	2	No	en-us	Switzerland
Extra Large	Windows New	search_traffic	1	No	en-us	Vietnam
Extra Small	iOS	unknown	2	No	en-gb	United Kingdom
Extra Small	Android	search_traffic	2	No	en-gb	India
Extra Large	Windows New	search_traffic	1	No	en-us	Pakistan
Extra Large	Mac OS X	search_traffic	2	No	en-us	United States
Extra Small	Android	direct_traffic	2	No	en-us	United States
Extra Large	Windows New	search_traffic	2	No	en-gb	India
Extra Large	Windows New	unknown	2	Yes	en-us	India
Extra Large	Windows New	unknown	2	No	en-us	Netherlands
Extra Large	Mac OS X	search_traffic	2	No	en-gb	United Kingdom
Extra Large	Windows New	search_traffic	2	No	en-us	India
Extra Large	Windows New	unknown	2	No	en-ca	Canada
Extra Small	Android	unknown	1	No	en-us	Italy
Extra Small	Android	unknown	2	No	en-us	India
Extra Large	Windows New	search_traffic	1	No	en-us	India
Extra Small	Android	search_traffic	1	No	hu-hu	Hungary
Extra Large	Mac OS X	search_traffic	1	No	en-us	United Arab Emirates
Extra Large	Windows New	unknown	2	No	en-us	India
Extra Large	Mac OS X	search_traffic	1	No	en-us	Canada
Extra Large	Chrome OS	search_traffic	1	No	en-us	United States
Extra Large	Mac OS X	search_traffic	1	No	en-us	India
Extra Small	Android	search_traffic	2	No	en-us	Saudi Arabia
Extra Large	Windows New	unknown	1	No	en-us	India
Extra Large	Mac OS X	search_traffic	2	No	en-us	United States
Extra Small	iOS	search_traffic	2	No	en-ca	Canada
Extra Small	iOS	unknown	2	No	ru-ru	Kyrgyzstan
Extra Small	Android	direct_traffic	2	No	en-us	Brazil
Extra Small	Android	direct_traffic	2	No	en	South Africa
Extra Large	Windows New	search_traffic	1	No	bg	United Kingdom
Extra Large	Windows New	search_traffic	2	No	en-gb	United Kingdom
Extra Large	Mac OS X	search_traffic	2	No	en-gb	Austria
Extra Large	Windows New	search_traffic	1	No	en-us	India
Extra Large	Windows New	search_traffic	1	No	en-us	India
Extra Large	Windows New	search_traffic	2	No	en-gb	India
Extra Small	iOS	unknown	1	No	en-us	Vietnam
Extra Large	Mac OS X	unknown	2	No	en-us	United States
Extra Large	Windows New	search_traffic	1	No	en-us	India
Extra Large	Windows New	unknown	2	No	en-us	Germany
Extra Small	iOS	search_traffic	2	No	en-us	India
Extra Large	Mac OS X	search_traffic	1	No	de	Germany
Extra Large	Windows New	unknown	1	No	en-us	United States
Extra Small	iOS	search_traffic	2	No	en-us	United States
Extra Small	Android	direct_traffic	1	No	en	Europe
Extra Large	Windows New	search_traffic	2	No	en-us	United States
Extra Large	Windows New	search_traffic	2	No	en-us	United States
Extra Large	Windows New	unknown	1	No	en-gb	United Kingdom
Extra Small	Android	search_traffic	1	No	en-us	United States
Extra Large	Windows New	search_traffic	2	No	en-gb	Saudi Arabia
Extra Small	iOS	search_traffic	2	No	en-gb	United Kingdom
Extra Large	Mac OS X	search_traffic	2	No	vi-vn	Vietnam
Extra Large	Mac OS X	direct_traffic	2	No	en-us	United States
Extra Large	Windows New	unknown	1	No	en-us	United States
Extra Large	Mac OS X	search_traffic	2	No	en-us	United States
Extra Small	Android	search_traffic	2	No	en-gb	Bangladesh
Extra Large	Windows New	search_traffic	2	No	en-us	India
Extra Small	Android	search_traffic	2	No	en-us	Malaysia
Extra Large	Windows New	unknown	2	No	en-us	Turkey
Extra Small	iOS	search_traffic	2	No	en-us	India
Extra Small	Android	search_traffic	2	No	en-us	India
Extra Small	Android	search_traffic	2	No	en-us	United States
Extra Large	Windows New	unknown	2	No	en-us	Nepal
Medium	iOS	unknown	2	No	en-us	India
Extra Large	Windows New	search_traffic	1	No	en-us	Philippines
Extra Small	iOS	unknown	1	No	en-us	United States
Extra Large	Windows New	direct_traffic	1	No	en-us	Bangladesh
Extra Large	Windows New	search_traffic	2	No	en-us	Serbia
Extra Small	Android	search_traffic	2	No	en-gb	Greece
Extra Small	Android	direct_traffic	1	No	en-us	United States
Extra Small	iOS	search_traffic	2	No	en-us	United States
Extra Large	Windows New	search_traffic	2	No	en-us	United Arab Emirates
Extra Large	Windows Old	unknown	2	No	en-us	India
Extra Large	Windows New	search_traffic	1	No	en-us	Pakistan
Extra Small	Android	direct_traffic	2	No	en-us	Brazil
Extra Large	Windows New	unknown	2	No	en-us	Nigeria
Extra Small	Android	unknown	2	No	en-us	Nigeria
Extra Large	Mac OS X	search_traffic	2	No	en-us	United States
Extra Small	iOS	unknown	1	No	en-us	Pakistan
Extra Large	Windows New	search_traffic	2	No	en-us	Ireland
Extra Large	Windows New	search_traffic	1	No	en-us	United Kingdom
Extra Large	Windows New	direct_traffic	1	No	tr	United States
Extra Small	Android	unknown	2	No	en-us	Pakistan
Extra Small	Android	direct_traffic	1	No	en-us	Ghana
Extra Small	Android	search_traffic	1	No	en-gb	Mauritius
Extra Large	Windows New	search_traffic	2	No	en-us	South Africa
Extra Small	iOS	search_traffic	1	No	en-ca	Canada
Extra Large	Windows New	search_traffic	2	No	en-us	France
Extra Small	Android	direct_traffic	2	No	en-us	United States
Extra Large	Windows New	search_traffic	2	No	en-us	Malaysia
Extra Small	Android	search_traffic	1	No	pl	Poland
Extra Small	iOS	search_traffic	1	No	en-us	United States
Extra Large	Windows New	search_traffic	1	No	tr-tr	Turkey
Extra Large	Mac OS X	search_traffic	2	No	en-us	Canada
Extra Large	Windows New	search_traffic	1	No	de	Austria
Extra Small	iOS	search_traffic	2	No	en-us	United States
Extra Small	iOS	search_traffic	1	No	en-us	United States
Extra Small	Android	direct_traffic	2	No	en-us	United States
Extra Large	Mac OS X	unknown	2	No	de-de	Taiwan
Extra Large	Windows New	search_traffic	2	No	en-us	Nigeria
Extra Large	Windows New	search_traffic	2	No	es-es	Mexico
Medium	iOS	direct_traffic	1	No	en-us	Pakistan
Extra Small	iOS	search_traffic	2	No	ar	Saudi Arabia
Extra Large	Windows New	search_traffic	1	No	en-us	Iraq
Extra Small	iOS	search_traffic	1	No	en-us	India
Extra Large	Windows New	unknown	1	No	en-us	India
Extra Large	Mac OS X	search_traffic	2	No	en-us	United States
Extra Small	Android	search_traffic	1	No	en-gb	Brazil
Extra Large	Windows New	search_traffic	2	No	en-us	Canada
Medium	iOS	search_traffic	2	No	en-us	United States
Extra Small	iOS	unknown	2	No	en-us	United States
Medium	iOS	unknown	2	No	en-gb	United Kingdom
Extra Large	Windows New	search_traffic	2	No	en-us	Nepal
Extra Large	Windows New	search_traffic	2	No	en-us	United States
Extra Large	Windows New	search_traffic	2	No	en-us	Germany
Extra Large	Windows New	search_traffic	2	No	en-us	United States
Extra Large	Windows New	unknown	2	No	es	Spain
Extra Large	Windows New	search_traffic	1	No	en-us	India
Extra Small	Android	direct_traffic	2	No	en-us	United States
Extra Small	Android	direct_traffic	1	No	en	United States
Large	Android	search_traffic	2	No	en-us	India
Extra Large	Windows New	search_traffic	1	No	en-us	Suriname
Extra Large	Mac OS X	search_traffic	2	No	en-gb	United Kingdom
Extra Large	Windows New	search_traffic	2	No	en-us	United Kingdom
Medium	Android	direct_traffic	1	No	en-us	United States
Extra Small	Android	direct_traffic	2	No	en	United States
Extra Large	Windows New	search_traffic	1	No	en-us	United Kingdom
Extra Large	Windows New	search_traffic	1	No	en-us	United States
Extra Small	Android	unknown	2	No	en-gb	Nigeria
Extra Small	Android	search_traffic	2	No	en-us	Germany
Extra Large	Windows New	unknown	1	No	en-us	Greece
Extra Large	Windows New	unknown	2	No	en-us	Nigeria
Extra Small	Android	search_traffic	2	No	en-gb	Italy
Extra Large	Mac OS X	search_traffic	2	No	en-us	Canada
Extra Small	Android	direct_traffic	2	No	en-us	United States
Extra Large	Mac OS X	search_traffic	2	No	en-us	United States
Extra Large	Windows New	unknown	1	No	it-it	Italy
Extra Large	Windows New	search_traffic	1	No	en-us	Pakistan
Extra Large	Mac OS X	unknown	1	No	en-gb	Kuwait
Extra Large	Windows New	unknown	2	No	en-us	India
Extra Small	Android	direct_traffic	2	No	en-us	Brazil
Extra Small	Android	direct_traffic	2	No	en	Europe
Extra Large	Windows New	search_traffic	2	No	en-us	Pakistan
Extra Large	Windows New	search_traffic	2	No	en-us	United Arab Emirates
Extra Large	Windows New	unknown	1	No	en-us	Lebanon
Extra Large	Windows New	search_traffic	1	No	pt-pt	Portugal
Extra Large	Windows New	search_traffic	2	No	ko-kr	United States
Extra Large	Linux	search_traffic	2	No	en-us	Sri Lanka
Extra Large	Windows New	search_traffic	1	No	en-us	Moldova, Republic of
Extra Large	Windows New	unknown	2	No	fr	France
Extra Large	Windows New	search_traffic	2	No	en-us	Poland
Extra Large	Mac OS X	search_traffic	2	No	en-us	United States
Extra Large	Mac OS X	search_traffic	1	No	en-ca	Canada
Extra Large	Windows New	unknown	1	No	en-us	Vietnam
Extra Large	Windows New	unknown	2	No	ar-ae	Germany
Extra Small	iOS	search_traffic	1	No	en-us	Germany
Extra Large	Windows New	search_traffic	1	No	en-in	India
Extra Large	Windows New	search_traffic	1	No	en-us	India
Extra Small	iOS	direct_traffic	1	No	en-us	Nigeria
Extra Large	Windows New	search_traffic	1	No	en-us	India
Extra Large	Mac OS X	search_traffic	2	No	en-us	United States
Extra Large	Windows New	search_traffic	1	No	en-us	India
Extra Large	Android	unknown	1	No	en-gb	United Kingdom
Extra Small	iOS	search_traffic	2	No	en-us	United States
Extra Large	Windows New	search_traffic	1	No	ko-kr	Korea, Republic of
Extra Small	iOS	unknown	1	No	nl-nl	Belgium
Extra Small	Android	direct_traffic	2	No	en-us	United States
Extra Small	Android	search_traffic	2	No	en-us	United Kingdom
Extra Small	Android	unknown	1	No	ro	Romania
Extra Large	Windows New	unknown	2	No	en-us	India
Extra Large	Windows New	unknown	2	No	es-es	Nicaragua
Extra Small	iOS	search_traffic	1	No	uk-ua	Poland
Extra Small	Android	search_traffic	1	No	hr-hr	Croatia
Extra Small	iOS	search_traffic	2	No	en-us	Latvia
Extra Large	Windows New	search_traffic	2	No	en-us	United States
Extra Small	Windows Phone	search_traffic	1	No	en-gb	Ghana
Extra Small	Android	search_traffic	1	No	en-us	Malaysia
Extra Large	Windows New	unknown	1	No	tr-tr	Turkey
Extra Large	Windows New	search_traffic	1	No	en-gb	United Kingdom
Extra Large	Windows New	search_traffic	2	No	en-us	India
Extra Large	Windows New	direct_traffic	2	No	en-us	Pakistan
Extra Small	Android	direct_traffic	1	No	en-us	United States
Extra Large	Windows New	search_traffic	1	No	en-us	Vietnam
Extra Small	iOS	search_traffic	1	No	de-de	Germany
Extra Large	Mac OS X	search_traffic	2	No	en-us	Australia
Extra Large	Other	direct_traffic	1	No	en-us	United States
Extra Large	Windows New	search_traffic	2	No	en-us	Ghana
Extra Small	Android	direct_traffic	2	No	en-hk	Nepal
Extra Small	iOS	search_traffic	1	No	ru-ru	Lithuania
Extra Small	Android	unknown	1	Yes	vi	Vietnam
Extra Small	Android	search_traffic	2	No	en-us	Kenya
Extra Small	Android	direct_traffic	2	No	en-us	United States
Extra Large	Mac OS X	unknown	1	No	en-us	Yemen
Extra Small	Android	search_traffic	2	No	en-us	United States
Extra Small	Android	search_traffic	1	No	en-us	India
Extra Small	iOS	search_traffic	2	No	en-us	Philippines
Extra Small	Android	search_traffic	1	No	de-de	Germany
Extra Large	Windows New	search_traffic	1	No	en-us	India
Extra Small	Android	search_traffic	2	No	en-us	Ireland
Extra Large	Mac OS X	search_traffic	1	No	en-us	Canada
Extra Large	Windows New	search_traffic	2	No	en-us	United States
Extra Large	Windows New	search_traffic	2	No	en-gb	India
Extra Small	Android	direct_traffic	2	No	en	United Kingdom
Large	Windows New	search_traffic	2	No	en-us	United States
Extra Large	Windows New	search_traffic	1	No	en-us	Pakistan
Extra Large	Windows New	direct_traffic	2	No	es-es	Mexico
Extra Small	Android	search_traffic	1	No	en-gb	Canada
Extra Large	Windows New	search_traffic	2	No	en-us	Taiwan
Extra Small	iOS	search_traffic	1	No	en-gb	Germany
Extra Large	Windows New	search_traffic	1	No	en-us	Bangladesh
Extra Small	Android	direct_traffic	2	No	en-us	United States
Extra Small	iOS	search_traffic	1	No	en-us	United States
Extra Large	Windows New	unknown	2	No	ar	Jordan
Extra Large	Windows New	unknown	2	No	ru-ru	Russian Federation
Extra Small	iOS	unknown	2	No	en-us	France
Extra Large	Windows New	search_traffic	2	No	en-us	United States
Extra Large	Windows New	search_traffic	1	No	en-gb	United Kingdom
Extra Small	Android	search_traffic	1	No	en-us	Ghana
Extra Small	iOS	unknown	2	No	en-gb	United Kingdom
Extra Large	Windows New	search_traffic	2	No	en-gb	United Kingdom
Extra Small	Android	direct_traffic	2	No	en-us	United States
Extra Small	Android	search_traffic	2	No	en-ie	Ireland
Extra Large	Windows New	search_traffic	2	No	en-us	Bangladesh
Extra Large	Mac OS X	search_traffic	2	No	en-us	United States
Extra Small	Android	direct_traffic	2	No	en-us	United States
Extra Small	Android	search_traffic	2	No	it-it	Italy
Extra Small	Android	direct_traffic	1	No	en-us	United States
Extra Small	Android	search_traffic	2	No	vi	Vietnam
Extra Large	Mac OS X	search_traffic	1	No	en-us	Ireland
Extra Small	Android	direct_traffic	1	No	en-us	United States
Extra Small	Android	search_traffic	1	No	ru	Kazakhstan
Extra Large	Windows New	unknown	1	No	en-us	Sri Lanka
Extra Small	Android	search_traffic	2	No	en	South Africa
Extra Large	Mac OS X	direct_traffic	1	No	en-au	Australia
Extra Small	iOS	search_traffic	1	No	en-us	Afghanistan
Extra Large	Mac OS X	search_traffic	1	No	en-us	Australia
Extra Large	Windows New	search_traffic	1	No	en-us	Qatar
Extra Small	iOS	unknown	1	No	en-us	United States
Extra Small	iOS	search_traffic	1	No	en-us	Netherlands
Extra Small	Android	search_traffic	1	No	en-us	United States
Extra Small	Android	direct_traffic	2	No	en-us	United States
Extra Small	iOS	search_traffic	2	No	en-us	Philippines
Extra Large	Windows New	search_traffic	1	No	en-us	Latvia
Extra Small	iOS	search_traffic	2	No	en-us	Bahrain
Extra Large	Windows New	search_traffic	1	No	en-us	United States
Extra Large	Windows New	unknown	2	No	it-it	United Kingdom
Extra Large	Windows New	unknown	1	No	en-us	India
Extra Small	Android	direct_traffic	2	No	en-us	United States
Extra Small	Android	direct_traffic	1	No	en-us	United States
Extra Small	Android	direct_traffic	2	No	en-us	United States
Extra Large	Windows New	search_traffic	1	No	en-us	China
Extra Small	Android	unknown	1	No	en-gb	Lebanon
Extra Small	Android	search_traffic	1	No	en-gb	India
Extra Small	Android	search_traffic	2	No	en-gb	India
Extra Small	iOS	search_traffic	2	No	en-ie	Ireland
Extra Small	Android	unknown	1	No	en-us	India
Extra Small	Android	search_traffic	1	No	en-us	United States
Extra Large	Mac OS X	search_traffic	2	No	en-gb	United Kingdom
Extra Small	Android	search_traffic	2	No	en-gb	France
Extra Small	Android	direct_traffic	1	No	en-gb	India
Extra Small	Android	search_traffic	2	Yes	en-gb	Nigeria
Extra Large	Windows New	search_traffic	1	No	en-us	Bangladesh
Extra Large	Windows New	unknown	1	No	en-us	Indonesia
Extra Large	Windows New	search_traffic	1	No	en-gb	Poland
Extra Large	Windows New	search_traffic	2	No	tr	Turkey
Extra Small	iOS	search_traffic	1	No	en-us	Bangladesh
Extra Small	Other	email_traffic	1	No	en-gb	Europe
Extra Small	Android	unknown	1	No	en-gb	Pakistan
Extra Small	Other	search_traffic	1	No	en	South Africa
Extra Large	Windows New	unknown	1	No	en-us	India
Extra Large	Mac OS X	unknown	1	No	en-us	Asia/Pacific Region
Extra Large	Windows New	unknown	2	No	en-us	India
Extra Large	Mac OS X	search_traffic	1	No	en-ca	Canada
Extra Large	Mac OS X	search_traffic	2	No	en-gb	Pakistan
Extra Small	Android	search_traffic	1	No	en-gb	United Kingdom
Extra Large	Windows New	direct_traffic	2	No	en-gb	United Kingdom
Extra Large	Windows New	search_traffic	2	No	en-us	India
Extra Small	Android	search_traffic	1	No	en-gb	India
Extra Small	Android	unknown	2	No	fr	Morocco
Extra Large	Windows New	search_traffic	1	No	en-us	France
Extra Large	Windows New	search_traffic	1	No	en-gb	United Kingdom
Extra Large	Windows New	search_traffic	1	No	en-gb	India
Extra Large	Windows New	unknown	2	No	en-us	Nigeria
Extra Small	Android	search_traffic	2	No	en-gb	India
Extra Large	Mac OS X	search_traffic	2	No	en-us	United States
Extra Large	Windows New	search_traffic	2	No	en-us	Nigeria
Extra Large	Windows New	search_traffic	2	No	en-gb	Poland
Extra Large	Windows New	unknown	1	No	en-us	Malaysia
Extra Large	Windows New	unknown	2	No	en-us	Australia
Extra Large	Windows New	search_traffic	1	No	en	Brazil
Extra Large	Windows New	search_traffic	1	No	en-us	Netherlands
Extra Small	Android	search_traffic	2	No	en-gb	India
Extra Small	Android	search_traffic	1	No	en-us	India
Extra Small	Android	search_traffic	1	No	en-gb	United Arab Emirates
Extra Small	Android	search_traffic	1	No	en-us	India
Extra Large	Windows New	search_traffic	1	No	pt-br	Brazil
Extra Small	Android	unknown	2	No	en-us	United States
Extra Small	Android	search_traffic	1	No	en-gb	India
Extra Small	Linux	direct_traffic	2	No	c	France
Extra Small	Android	unknown	1	No	en-gb	Indonesia
Extra Small	iOS	search_traffic	2	No	en-us	United States
Extra Large	Mac OS X	unknown	2	No	en-gb	Australia
Extra Large	Windows New	search_traffic	1	No	en-us	India
Extra Large	Windows New	search_traffic	1	No	en-us	India
Extra Small	Android	search_traffic	2	No	en-gb	Canada
Extra Large	Windows New	search_traffic	2	No	en-us	Ireland
Extra Large	Mac OS X	unknown	1	No	en-us	Philippines
Extra Large	Windows New	search_traffic	1	No	en-gb	United Kingdom
Medium	iOS	search_traffic	1	No	en-us	Australia
Extra Large	Windows New	search_traffic	2	No	en-us	United States
Large	Windows New	unknown	1	No	en-us	Lebanon
Extra Small	Android	search_traffic	2	No	en	Europe
Extra Large	Windows New	unknown	1	No	en-us	Bhutan
Extra Large	Mac OS X	search_traffic	2	No	en-us	South Africa
Extra Small	Android	direct_traffic	2	No	en	India
Extra Small	iOS	search_traffic	1	No	en-gb	United Kingdom
Extra Large	Mac OS X	search_traffic	1	No	en-us	France
Extra Small	Android	search_traffic	2	No	en-us	Pakistan
Extra Small	iOS	search_traffic	2	Yes	de-at	United Kingdom
Extra Large	Windows New	search_traffic	1	No	en-us	India
Extra Small	Android	search_traffic	1	No	en-us	United States
Extra Large	Windows New	search_traffic	1	No	de-de	Germany
Extra Large	Windows New	unknown	1	No	pt-br	Brazil
Extra Large	Windows New	search_traffic	2	No	en-us	South Africa
Extra Large	Windows New	search_traffic	1	No	en-us	Germany
Extra Large	Mac OS X	direct_traffic	2	No	en-us	Italy
Extra Small	Android	unknown	1	No	en-gb	Pakistan
Extra Large	Windows New	search_traffic	1	No	en-us	Canada
Extra Small	Android	direct_traffic	1	No	en-us	United States
Extra Large	Windows New	search_traffic	1	No	en-us	India
Extra Large	Linux	direct_traffic	1	No	en-us	Singapore
Extra Large	Windows New	search_traffic	2	No	el-gr	Greece
Extra Small	Android	search_traffic	1	No	en-gb	India
Extra Large	Mac OS X	search_traffic	2	No	en-us	Australia
Extra Large	Windows New	search_traffic	1	No	en-us	United Kingdom
Extra Small	Android	direct_traffic	2	No	en-us	United States
Medium	iOS	search_traffic	2	No	en-sg	Indonesia
Extra Small	Android	unknown	2	No	en-gb	India
Extra Large	Windows New	search_traffic	2	No	en-us	Bahrain
Extra Small	Android	unknown	1	No	nl-nl	Spain
Extra Large	Windows New	search_traffic	2	No	de	Austria
Extra Large	Windows New	search_traffic	2	No	en-us	India
Extra Large	Mac OS X	direct_traffic	2	No	en-us	Slovakia
Extra Large	Mac OS X	unknown	1	No	de-de	Germany
Extra Large	Mac OS X	search_traffic	1	No	en-us	France
Extra Small	iOS	search_traffic	1	No	en-us	United States
Extra Large	Windows New	unknown	2	No	en-us	Netherlands
Extra Large	Windows New	search_traffic	2	No	en-us	Canada
Extra Large	Windows New	search_traffic	1	No	en-us	Macedonia
Extra Large	Windows New	search_traffic	1	No	en-us	Malawi
Large	Windows New	unknown	2	No	fr-fr	Senegal
Extra Small	Android	search_traffic	1	No	en-us	India
Extra Large	Windows New	search_traffic	1	No	en	Armenia
Extra Large	Mac OS X	unknown	1	No	en-us	India
Extra Small	iOS	search_traffic	1	No	en-au	Australia
Extra Small	iOS	search_traffic	2	No	en-us	Netherlands
Extra Large	Windows New	search_traffic	2	No	en-us	India
Extra Small	Android	direct_traffic	2	No	en-us	United States
Medium	iOS	direct_traffic	1	No	en-au	Australia
Extra Small	Android	search_traffic	1	Yes	en-in	India
Extra Large	Mac OS X	direct_traffic	1	No	en-us	Ukraine
Extra Large	Windows New	direct_traffic	1	No	en-us	Bangladesh
Extra Small	Android	search_traffic	1	No	en	South Africa
Extra Large	Windows New	search_traffic	1	No	ko-kr	Korea, Republic of
Extra Large	Windows New	search_traffic	2	No	en-us	France
Extra Small	Linux	unknown	1	No	en-za	South Africa
Extra Large	Mac OS X	search_traffic	2	No	en-ca	Canada
Extra Small	iOS	search_traffic	2	Yes	en-gb	Pakistan
Extra Large	Windows New	search_traffic	2	No	en-ie	Ireland
Extra Large	Windows New	search_traffic	1	No	en-us	Turkey
Extra Small	iOS	search_traffic	2	No	en-gb	United Kingdom
Extra Small	Android	direct_traffic	2	No	en-us	United States
Extra Small	Android	search_traffic	1	No	en-us	Pakistan
Extra Large	Windows New	search_traffic	1	No	tr	Turkey
Extra Large	Windows New	search_traffic	2	No	en-us	United Kingdom
Extra Large	Windows New	unknown	2	No	en-us	Bangladesh
Extra Large	Windows New	unknown	2	Yes	en-us	Canada
Extra Large	Windows New	search_traffic	1	No	nl-nl	Netherlands
Extra Large	Windows New	search_traffic	1	No	ru-ru	Kazakhstan
Extra Large	Windows New	search_traffic	2	No	en-us	Pakistan
Extra Small	Android	direct_traffic	2	No	en-us	Brazil
Extra Large	Windows New	search_traffic	1	No	fr-fr	Tunisia
Extra Small	iOS	unknown	1	No	en-us	India
Extra Small	iOS	direct_traffic	1	No	es-es	Uruguay
Extra Large	Windows New	search_traffic	1	No	en-us	Malaysia
Extra Small	Android	search_traffic	1	No	pt-pt	Portugal
Extra Large	Windows New	search_traffic	1	No	hu-hu	Hungary
Extra Small	Android	search_traffic	1	No	en-us	India
Extra Large	Windows New	unknown	1	No	en-us	Canada
Extra Large	Windows New	direct_traffic	1	No	en-us	France
Extra Large	Mac OS X	search_traffic	1	No	en-us	Hong Kong
Extra Small	iOS	search_traffic	2	No	en-us	Cyprus
Extra Small	Android	direct_traffic	2	No	en-us	Brazil
Extra Small	Android	direct_traffic	2	No	en-us	United States
Extra Small	Android	direct_traffic	1	No	en-us	United States
Extra Large	Android	search_traffic	2	No	it	Italy
Extra Small	iOS	unknown	1	No	en-us	Lebanon
Extra Small	iOS	search_traffic	2	No	en-us	Albania
Extra Large	Windows New	search_traffic	2	No	en-us	United States
Extra Small	iOS	search_traffic	1	No	en-us	United States
Extra Large	Mac OS X	search_traffic	2	No	en-gb	India
Extra Small	iOS	search_traffic	1	No	en-us	France
Extra Large	Windows New	search_traffic	2	No	en-us	Germany
Extra Small	Android	direct_traffic	1	No	en-us	United States
Extra Large	Windows New	search_traffic	1	No	en-us	Germany
Extra Small	Android	direct_traffic	2	No	en-us	United States
Extra Large	Mac OS X	search_traffic	1	No	en-us	United States
Extra Large	Windows New	unknown	2	No	en-us	Serbia
Extra Small	iOS	search_traffic	2	No	en-us	India
Extra Small	iOS	unknown	1	No	en-us	United States
Extra Large	Windows New	unknown	2	No	el	Greece
Extra Large	Windows New	search_traffic	1	No	en-us	India
Extra Small	Android	direct_traffic	2	No	en-us	United States
Extra Large	Linux	direct_traffic	1	No	en-us	United States
Extra Large	Mac OS X	search_traffic	1	No	en-sg	Singapore
Extra Large	Mac OS X	search_traffic	1	No	en-us	United States
Extra Small	Android	direct_traffic	1	No	en-us	United States
Extra Large	Windows New	unknown	2	Yes	en-us	Turkey
Large	Windows New	unknown	2	No	en-us	Saint Lucia
Extra Large	Windows New	search_traffic	2	No	en-us	United States
Extra Large	Windows New	search_traffic	2	No	en-us	Bangladesh
Extra Small	iOS	search_traffic	1	No	en-us	Qatar
Extra Small	Android	search_traffic	2	No	en-in	Malaysia
Extra Small	iOS	unknown	1	No	en-ca	Canada
Extra Small	Android	unknown	2	No	en-us	Canada
Medium	iOS	search_traffic	1	No	en-us	United States
Extra Large	Mac OS X	search_traffic	1	No	en-us	South Africa
Extra Small	Android	unknown	1	No	en-us	India
Extra Large	Windows New	search_traffic	1	No	ko-kr	Korea, Republic of
Extra Large	Windows New	search_traffic	1	No	en-us	United Kingdom
Extra Small	Android	search_traffic	1	No	en-us	India
Extra Small	Android	search_traffic	1	No	en-gb	Bangladesh
Extra Small	Android	direct_traffic	1	No	en-gb	Pakistan
Extra Large	Windows New	unknown	1	No	en-us	Jordan
Extra Large	Windows New	search_traffic	2	No	en-gb	Nigeria
Extra Small	Windows Phone	search_traffic	1	No	en-in	India
Extra Small	Android	direct_traffic	2	No	en-us	United States
Extra Large	Windows New	unknown	2	No	en-us	Pakistan
Extra Small	Android	direct_traffic	2	No	en-gb	India
Extra Large	Windows New	unknown	2	No	en-us	India
Extra Large	Windows New	search_traffic	2	No	en-us	United States
Extra Large	Windows New	unknown	1	No	en-nz	Singapore
Extra Small	Android	search_traffic	2	No	en-in	India
Extra Small	Android	direct_traffic	2	No	en-us	United States
Extra Large	Windows New	search_traffic	1	No	en-us	Nepal
Extra Large	Windows New	unknown	2	No	es-es	Spain
Extra Large	Windows New	search_traffic	2	No	en-us	India
Extra Large	Windows New	unknown	2	No	en-us	India
Extra Large	Windows New	search_traffic	2	No	en-us	Pakistan
Extra Large	Windows New	unknown	1	No	en-us	Pakistan
Extra Small	Android	search_traffic	1	No	en-us	Ecuador
Extra Small	iOS	unknown	2	No	en-us	United States
Extra Small	Android	unknown	1	No	en-gb	India
Extra Small	iOS	search_traffic	2	No	en-ca	Canada
Extra Large	Windows New	unknown	1	No	en-gb	India
Extra Large	Mac OS X	search_traffic	1	No	en-us	United Kingdom
Extra Large	Mac OS X	direct_traffic	1	No	en-us	United States
Extra Large	Mac OS X	search_traffic	2	No	en-us	Saudi Arabia
Extra Large	Mac OS X	direct_traffic	2	No	en-us	Ireland
Extra Small	Android	direct_traffic	2	No	en-us	United States
Extra Large	Mac OS X	direct_traffic	1	No	en-us	Nigeria
Extra Small	Android	search_traffic	1	No	es-419	Germany
Extra Large	Windows New	unknown	2	No	en-gb	United Kingdom
Extra Small	iOS	search_traffic	2	No	en-us	United States
Extra Small	iOS	search_traffic	1	No	en-us	Saudi Arabia
Extra Large	Windows New	unknown	2	No	en-gb	Germany
Extra Large	Windows New	search_traffic	1	No	en-us	Russian Federation
Medium	iOS	search_traffic	1	No	en-us	United States
Extra Small	Android	search_traffic	2	No	en-gb	Bangladesh
Extra Small	Android	unknown	2	No	en-us	Nigeria
Extra Small	Android	direct_traffic	2	No	en-us	United States
Extra Small	Android	search_traffic	1	No	en-gb	India
Extra Small	iOS	unknown	1	No	en-us	United States
Extra Small	Android	unknown	2	No	en-us	India
Extra Large	Windows New	search_traffic	2	No	en-us	Canada
Extra Small	Android	search_traffic	2	No	en-gb	India
Extra Large	Windows New	search_traffic	1	No	nl	Netherlands
Extra Small	Android	search_traffic	2	No	en-us	India
Extra Small	iOS	search_traffic	1	No	en-us	Cambodia
Extra Large	Mac OS X	search_traffic	2	No	en-us	Canada
Extra Large	Windows New	unknown	1	No	fr-fr	Morocco
Extra Large	Windows New	unknown	2	No	en-us	Sweden
Extra Small	Android	search_traffic	2	No	en-gb	Cameroon
Large	Windows New	unknown	1	No	en-us	India
Extra Large	Windows Old	unknown	2	No	ru-ru	Uzbekistan
Extra Large	Windows New	unknown	2	No	en-us	Vietnam
Extra Large	Windows New	search_traffic	2	No	en-us	United States
Extra Small	iOS	unknown	2	No	en-us	United States
Extra Small	Android	unknown	2	No	en-gb	Hungary
Extra Large	Windows New	unknown	2	No	tr	Turkey
Extra Small	Android	direct_traffic	2	No	en	South Africa
Extra Small	iOS	search_traffic	2	No	en-ca	Canada
Extra Large	Windows New	unknown	1	No	en-gb	Ghana
Medium	iOS	search_traffic	1	No	en-us	Japan
Extra Small	Android	search_traffic	1	No	en-us	India
Extra Large	Windows New	search_traffic	2	No	en-us	India
Extra Small	Android	search_traffic	1	No	en-us	India
Extra Large	Windows New	search_traffic	1	No	ru-ru	Azerbaijan
Extra Large	Windows New	search_traffic	1	No	en-us	United States
Extra Small	iOS	direct_traffic	2	No	ru-ru	Russian Federation
Extra Small	Android	search_traffic	1	No	en-us	United States
Extra Small	iOS	search_traffic	2	No	en-gb	Albania
Extra Large	Windows New	unknown	2	No	en-ca	Canada
Extra Large	Windows New	unknown	2	No	en-us	Pakistan
Extra Small	Android	search_traffic	2	No	en-us	Canada
Medium	Android	direct_traffic	2	No	en	United States
Extra Small	Android	search_traffic	1	No	en-au	Australia
Extra Small	Android	search_traffic	2	No	bg-bg	Bulgaria
Extra Large	Windows New	search_traffic	2	No	fr-fr	Tunisia
Extra Small	iOS	search_traffic	1	No	en-us	United States
Extra Large	Mac OS X	search_traffic	1	No	en-ca	Iraq
Extra Small	Android	search_traffic	2	No	en-gb	Kenya
Extra Large	Windows New	search_traffic	2	No	en-gb	Nigeria
Extra Large	Windows New	search_traffic	2	No	en-us	Bahrain
Extra Small	Android	direct_traffic	1	No	en-us	United States
Extra Large	Windows New	search_traffic	2	No	en-us	Nepal
Extra Small	Android	direct_traffic	1	No	en-us	Ghana
Extra Small	Android	search_traffic	2	No	en-gb	India
Extra Small	Other	direct_traffic	2	No	en	Europe
Extra Large	Windows New	search_traffic	2	No	en-us	United States
Extra Large	Windows New	search_traffic	1	No	en-us	Macedonia
Extra Large	Windows New	search_traffic	1	No	en-us	Pakistan
Extra Large	Windows New	search_traffic	1	No	en-us	Australia
Extra Small	Android	direct_traffic	2	No	en-us	United States
Extra Small	Android	direct_traffic	1	No	en-gb	India
Extra Small	Android	search_traffic	2	No	en-us	India
Extra Large	Windows New	search_traffic	2	No	en-us	Denmark
Extra Small	Android	direct_traffic	2	No	en-us	United States
Extra Small	Android	search_traffic	2	No	en-gb	India
Extra Large	Windows New	search_traffic	1	No	en-us	Zimbabwe
Extra Large	Windows New	search_traffic	1	No	el-gr	Greece
Extra Small	iOS	search_traffic	2	No	en-us	United States
Extra Small	Android	direct_traffic	2	No	en-us	United States
Extra Large	Windows New	search_traffic	2	No	en-us	Pakistan
Extra Large	Windows New	search_traffic	1	No	en-gb	France
Extra Small	iOS	search_traffic	2	No	en-us	United States
Extra Small	Android	direct_traffic	1	No	en-us	United States
Extra Small	Android	search_traffic	2	No	en-gb	Nigeria
Extra Small	iOS	search_traffic	2	No	en-us	United States
Extra Large	Mac OS X	search_traffic	1	No	en-us	United States
Extra Large	Windows New	unknown	1	No	es-es	Italy
Extra Small	iOS	direct_traffic	1	No	en-us	Tanzania, United Republic of
Extra Large	Windows New	unknown	2	No	en-us	Tanzania, United Republic of
Extra Large	Mac OS X	search_traffic	2	No	en-us	United States
Extra Large	Windows New	search_traffic	1	No	ru	Kazakhstan
Extra Large	Windows New	search_traffic	2	No	fi-fi	Finland
Extra Large	Windows New	search_traffic	1	No	en-us	Korea, Republic of
Extra Large	Mac OS X	direct_traffic	2	No	nl-nl	Netherlands
Extra Small	Android	search_traffic	1	No	en-us	Malaysia
Extra Large	Windows New	search_traffic	1	No	en-us	India
Extra Large	Linux	search_traffic	1	No	en-us	India
Extra Large	Mac OS X	search_traffic	2	No	en-us	United States
Extra Large	Windows New	search_traffic	2	No	en-us	Canada
Extra Large	Windows New	unknown	2	No	en-us	India
Extra Large	Windows New	direct_traffic	2	No	es-es	Mexico
Extra Small	iOS	search_traffic	2	No	en-us	United States
Extra Large	Windows New	search_traffic	2	No	en-us	Russian Federation
Extra Large	Windows New	unknown	2	No	en-us	Oman
Extra Large	Windows New	search_traffic	1	No	nl-nl	Netherlands
Extra Small	Android	direct_traffic	2	No	en-us	United States
Extra Large	Windows New	search_traffic	2	No	en-gb	Nigeria
Extra Large	Mac OS X	search_traffic	2	No	en-us	United States
Extra Large	Windows New	search_traffic	1	No	en-us	India
Extra Large	Windows New	search_traffic	1	No	en-us	United Kingdom
Extra Large	Windows New	search_traffic	2	No	en-us	United Arab Emirates
Extra Large	Windows New	search_traffic	1	No	en-us	United States
Extra Small	Android	direct_traffic	2	No	en-us	United States
Extra Large	Mac OS X	search_traffic	1	No	it-it	United Kingdom
Extra Large	Windows New	search_traffic	2	No	en-us	India
Extra Large	Windows New	search_traffic	1	No	en-us	India
Extra Small	iOS	search_traffic	1	No	en-au	Australia
Extra Large	Mac OS X	search_traffic	2	No	fr-fr	Japan
Extra Large	Windows New	search_traffic	1	No	en-us	United Arab Emirates
Extra Small	Android	direct_traffic	1	No	en-us	United States
Extra Large	Mac OS X	unknown	2	No	fr	Belgium
Extra Small	iOS	search_traffic	1	No	en-us	Pakistan
Extra Small	Android	search_traffic	1	No	en-us	United States
Extra Small	Android	direct_traffic	1	No	en-gb	Bulgaria
Extra Large	Windows New	unknown	2	No	en-us	France
Extra Large	Windows New	unknown	2	No	en-us	Azerbaijan
Extra Large	Windows New	search_traffic	1	No	en-us	Indonesia
Extra Large	Windows New	search_traffic	2	No	en-us	Trinidad and Tobago
Extra Small	Android	direct_traffic	1	No	en-us	Brazil
Extra Large	Linux	direct_traffic	1	No	en-us	Luxembourg
Extra Small	Android	search_traffic	2	No	el-gr	Greece
Extra Small	iOS	search_traffic	2	No	en-ca	Canada
Extra Large	Windows New	search_traffic	2	No	ru-ru	Russian Federation
Extra Large	Windows New	search_traffic	2	No	sr-rs	Serbia
Extra Large	Windows New	search_traffic	1	No	en-us	Canada
Extra Large	Windows New	search_traffic	2	No	en-us	Ukraine
Extra Large	Windows New	search_traffic	2	No	en-us	Pakistan
Extra Large	Windows New	unknown	1	No	en-us	Greece
Extra Small	Android	search_traffic	1	No	en-gb	Malawi
Extra Large	Windows New	search_traffic	2	No	en-us	Singapore
Extra Large	Windows New	search_traffic	1	No	en-us	United States
Extra Large	Windows New	direct_traffic	1	No	en-us	India
Extra Small	iOS	search_traffic	2	No	en-us	Cyprus
Extra Large	Windows New	search_traffic	1	No	en-us	Vietnam
Extra Large	Mac OS X	search_traffic	2	No	da-dk	Denmark
Extra Large	Windows New	search_traffic	2	No	en-gb	Italy
Extra Large	Windows New	search_traffic	2	No	en-us	United States
Extra Large	Windows New	search_traffic	2	No	en-us	Portugal
Medium	Android	direct_traffic	2	No	en	South Africa
Extra Small	Android	search_traffic	2	No	es-419	Colombia
Medium	iOS	search_traffic	1	No	en-sg	Singapore
Extra Small	Android	direct_traffic	2	No	en-gb	Canada
Small	Android	search_traffic	2	No	en-gb	India
Medium	Android	direct_traffic	2	No	en-gb	Nigeria
Extra Large	Windows New	direct_traffic	1	No	en-us	Nigeria
Extra Large	Windows New	unknown	1	No	en-us	India
Extra Large	Windows New	search_traffic	2	No	en-gb	United Kingdom
Extra Small	Android	search_traffic	2	No	en-gb	Netherlands
Extra Small	Android	direct_traffic	2	No	en-us	United States
Extra Large	Windows New	search_traffic	1	No	nl-nl	Netherlands
Extra Small	Android	search_traffic	2	No	en	South Africa
Extra Large	Windows New	search_traffic	1	No	lt	Lithuania
Extra Large	Windows New	search_traffic	1	No	es	Ecuador
Extra Small	Android	direct_traffic	2	No	en-gb	Germany
Extra Large	Windows New	unknown	2	No	tr-tr	Turkey
Extra Small	Android	search_traffic	1	No	fr	France
Extra Small	Android	direct_traffic	1	No	en-us	United States
Extra Large	Mac OS X	search_traffic	2	No	en-us	Portugal
Extra Large	Mac OS X	search_traffic	2	No	en-us	Ecuador
Extra Small	iOS	search_traffic	1	No	en-us	India
Extra Small	Android	search_traffic	2	No	pt-pt	Portugal
Extra Large	Mac OS X	search_traffic	1	No	en-us	United States
Extra Large	Windows New	direct_traffic	1	No	en-us	India
Extra Large	Windows New	search_traffic	1	No	en-us	Turkey
Extra Large	Mac OS X	search_traffic	2	No	en-us	Turkey
Extra Small	Android	unknown	2	No	en-us	India
Extra Small	Android	search_traffic	1	No	en-gb	India
Extra Small	Android	direct_traffic	2	No	en-us	United States
Extra Small	iOS	search_traffic	2	No	en-us	Turkey
Large	Windows New	search_traffic	1	No	en-us	Puerto Rico
Extra Small	Android	direct_traffic	2	No	en-us	United States
Extra Small	Android	direct_traffic	2	No	en-us	United States
Extra Large	Windows New	search_traffic	2	No	en-us	United States
Extra Large	Mac OS X	search_traffic	2	No	en-gb	India
Extra Small	iOS	search_traffic	1	No	en-us	United States
Extra Large	Mac OS X	search_traffic	2	No	en-us	United States
Extra Small	Android	search_traffic	1	No	en-us	India
Extra Small	iOS	search_traffic	2	No	en-us	India
Medium	iOS	unknown	1	No	en-us	Canada
Extra Large	Windows New	search_traffic	2	No	en-us	Hong Kong
Extra Large	Mac OS X	search_traffic	2	No	en-gb	India
Extra Large	Mac OS X	search_traffic	2	No	fr-fr	Portugal
Extra Small	Android	search_traffic	1	No	lt-lt	Lithuania
Extra Large	Windows New	unknown	1	No	en-us	Ghana
Extra Large	Windows New	search_traffic	2	No	en-gb	Cameroon
Extra Large	Windows New	search_traffic	1	No	en-us	Nepal
Extra Small	Android	direct_traffic	1	No	en-us	United States
